"logFC"	"logCPM"	"PValue"	"FDR"
"TRINITY_DN37647_c0_g3_i1"	-5.60837045849539	6.66588914723985	0.000734894293096973	1
"TRINITY_DN16095_c0_g1_i1"	-5.48533001357882	6.59170114029929	0.00155738097709094	1
"TRINITY_DN87560_c0_g1_i1"	-5.35123481341645	6.51410323983653	0.00251420046184954	1
"TRINITY_DN2890_c0_g1_i1"	-5.48674417600152	6.5928753793178	0.00277559505544665	1
"TRINITY_DN37276_c0_g1_i1"	5.3639107648877	6.51710763169048	0.00287502290217112	1
"TRINITY_DN156507_c0_g1_i1"	-5.35072619390199	6.51350248260312	0.00324794171879893	1
"TRINITY_DN15002_c0_g2_i1"	-5.35072602042652	6.51350248260312	0.00324859327435759	1
"TRINITY_DN843_c0_g1_i2"	-3.39519728547355	6.80429319016179	0.00386836375097281	1
"TRINITY_DN6142_c0_g2_i1"	2.6751337314586	6.93223249193253	0.00435827494420028	1
"TRINITY_DN7176_c0_g1_i3"	-5.48278221206897	6.59052703101091	0.00492369877181681	1
"TRINITY_DN22271_c0_g1_i1"	-5.48843073680406	6.59346254724615	0.00526690248666734	1
"TRINITY_DN30035_c0_g1_i1"	-3.28083874981163	6.73589620033391	0.00544563327120506	1
"TRINITY_DN10549_c0_g1_i1"	-5.34929827800789	6.51290176597287	0.00581414963700804	1
"TRINITY_DN103218_c0_g1_i1"	-5.35331487639765	6.51530487572897	0.00614817572058797	1
"TRINITY_DN24437_c0_g2_i1"	-5.35331963813945	6.51530487572897	0.00616913518739374	1
"TRINITY_DN30559_c0_g1_i1"	-5.35332081892528	6.51530487572897	0.00617434831722755	1
"TRINITY_DN4216_c0_g1_i2"	-5.3533229393148	6.51530487572897	0.00618372551981735	1
"TRINITY_DN10161_c0_g1_i1"	5.3639107648877	6.51710763169048	0.00629696147217846	1
"TRINITY_DN1250_c1_g3_i3"	5.3639107648877	6.51710763169048	0.00629848266088825	1
"TRINITY_DN13768_c0_g1_i1"	5.3639107648877	6.51710763169048	0.00630219464660368	1
"TRINITY_DN8677_c0_g1_i1"	-5.20347143720547	6.43206499895965	0.00633112217822911	1
"TRINITY_DN79202_c0_g1_i1"	-5.20347145007303	6.43206499895965	0.00633125776007631	1
"TRINITY_DN29289_c0_g2_i1"	-5.20347190068712	6.43206499895965	0.00633600852601816	1
"TRINITY_DN25607_c0_g4_i1"	-5.20347213609899	6.43206499895965	0.00633849258841157	1
"TRINITY_DN14190_c1_g2_i1"	5.21579497777628	6.43452592050024	0.00811385595754767	1
"TRINITY_DN18656_c0_g1_i1"	5.21579497777628	6.43452592050024	0.00811386444048269	1
"TRINITY_DN27426_c0_g1_i1"	5.21579497777628	6.43452592050024	0.0081211245089873	1
"TRINITY_DN65295_c0_g1_i1"	-3.15860351868987	6.6664631998081	0.00968783591636076	1
"TRINITY_DN5930_c0_g1_i5"	-2.65199970222172	6.93012385541242	0.0102541634475764	1
"TRINITY_DN135453_c0_g1_i1"	-5.03812074060515	6.34441664292184	0.0104499571245754	1
"TRINITY_DN155625_c0_g1_i1"	-5.03812075524445	6.34441664292184	0.010452720536744	1
"TRINITY_DN111102_c0_g1_i1"	-5.03812091796709	6.34441664292184	0.0104835163417783	1
"TRINITY_DN11056_c0_g1_i2"	-5.03812093190923	6.34441664292184	0.0104861617148981	1
"TRINITY_DN10983_c1_g1_i1"	-5.03812094585469	6.34441664292184	0.0104888087910882	1
"TRINITY_DN1049_c0_g2_i1"	-5.03812099409012	6.34441664292184	0.0104979729446639	1
"TRINITY_DN31075_c2_g1_i1"	-5.03812102443667	6.34441664292184	0.0105037450168638	1
"TRINITY_DN31202_c0_g1_i1"	-5.03812113622783	6.34441664292184	0.0105250523117827	1
"TRINITY_DN32259_c0_g1_i1"	-5.03812129954534	6.34441664292184	0.0105563054756451	1
"TRINITY_DN33482_c0_g1_i1"	-5.03812147234735	6.34441664292184	0.010589536157819	1
"TRINITY_DN924_c0_g2_i1"	-5.03812162613294	6.34441664292184	0.010619251322194	1
"TRINITY_DN36148_c0_g1_i2"	-5.03812164623249	6.34441664292184	0.0106231449365345	1
"TRINITY_DN81240_c0_g1_i1"	-5.03812176735319	6.34441664292184	0.010646656585443	1
"TRINITY_DN7454_c0_g2_i1"	-5.038121822512	6.34441664292184	0.0106573915583637	1
"TRINITY_DN6050_c1_g3_i1"	-5.03812182322071	6.34441664292184	0.0106575295989348	1
"TRINITY_DN41285_c0_g1_i1"	-5.03812187103229	6.34441664292184	0.0106668489089345	1
"TRINITY_DN5481_c0_g2_i5"	-5.03812187783069	6.34441664292184	0.0106681750955127	1
"TRINITY_DN49347_c0_g2_i1"	-5.03812192782678	6.34441664292184	0.0106779361405165	1
"TRINITY_DN12215_c0_g1_i2"	-5.34717040336468	6.51230109004168	0.0108776055683708	1
"TRINITY_DN129696_c0_g1_i1"	5.05071442597901	6.34693767785712	0.011455483815721	1
"TRINITY_DN155737_c0_g1_i1"	5.05071442597901	6.34693767785712	0.0114912652973714	1
"TRINITY_DN19473_c0_g2_i1"	5.05071442597901	6.34693767785712	0.0115242295464634	1
"TRINITY_DN80635_c0_g1_i1"	5.05071442597901	6.34693767785712	0.0115308266580966	1
"TRINITY_DN27486_c0_g1_i1"	5.05071442597901	6.34693767785712	0.0115558176130147	1
"TRINITY_DN2945_c0_g3_i2"	5.05071442597901	6.34693767785712	0.0115613443752796	1
"TRINITY_DN98556_c0_g1_i1"	-5.03729497421209	6.34378653427253	0.0133034486051153	1
"TRINITY_DN88731_c0_g1_i1"	-5.03729442080494	6.34378653427253	0.0133091643850117	1
"TRINITY_DN63253_c0_g1_i1"	-5.03729413072886	6.34378653427253	0.0133121619412437	1
"TRINITY_DN61429_c0_g1_i1"	-5.03729290678529	6.34378653427253	0.01332482155035	1
"TRINITY_DN163392_c0_g1_i1"	-5.03728959204982	6.34378653427253	0.0133592025293436	1
"TRINITY_DN170002_c0_g1_i1"	-5.03728936797437	6.34378653427253	0.0133615317334189	1
"TRINITY_DN154316_c0_g1_i1"	-5.03728822117255	6.34378653427253	0.0133734624813759	1
"TRINITY_DN11777_c0_g1_i2"	-5.03901116925955	6.34504681170804	0.0136920550642369	1
"TRINITY_DN30873_c0_g1_i1"	-5.03901775847558	6.34504681170804	0.0137585585251431	1
"TRINITY_DN53760_c0_g1_i1"	-5.03902867189296	6.34504681170804	0.0138698323172625	1
"TRINITY_DN53885_c0_g1_i1"	-5.03902927629516	6.34504681170804	0.0138760362980213	1
"TRINITY_DN121333_c0_g1_i1"	5.05071442597901	6.34693767785712	0.0139953956455032	1
"TRINITY_DN12015_c0_g1_i7"	5.05071442597901	6.34693767785712	0.0139963804676795	1
"TRINITY_DN82931_c0_g1_i1"	5.05071442597901	6.34693767785712	0.0140374649018566	1
"TRINITY_DN1830_c2_g1_i1"	5.05071442597901	6.34693767785712	0.0140612187728804	1
"TRINITY_DN1950_c0_g3_i1"	5.05071442597901	6.34693767785712	0.0140649313728279	1
"TRINITY_DN24617_c0_g2_i2"	5.05071442597901	6.34693767785712	0.0140814011776289	1
"TRINITY_DN28081_c0_g1_i1"	5.05071442597901	6.34693767785712	0.0140877570056019	1
"TRINITY_DN33895_c0_g1_i1"	5.05071442597901	6.34693767785712	0.014121574079251	1
"TRINITY_DN90_c1_g2_i1"	-5.20662279737192	6.43329536081904	0.0145654566326089	1
"TRINITY_DN101029_c0_g1_i1"	-2.43250815273589	6.80319398693534	0.014639849984943	1
"TRINITY_DN10104_c0_g1_i1"	-2.21769653467194	7.04435795566446	0.0152257535498666	1
"TRINITY_DN14019_c0_g1_i3"	-5.20673034247914	6.43329536081904	0.0154337468026367	1
"TRINITY_DN31179_c0_g3_i2"	-3.02409702921275	6.5922882436382	0.0162071073678967	1
"TRINITY_DN35124_c0_g1_i1"	-3.02409704781624	6.5922882436382	0.0162127768174614	1
"TRINITY_DN3808_c0_g2_i2"	-3.02409705828291	6.5922882436382	0.0162159678874713	1
"TRINITY_DN7469_c0_g2_i1"	-3.0240971308631	6.5922882436382	0.0162381224682685	1
"TRINITY_DN9486_c0_g2_i3"	-3.02409714194324	6.5922882436382	0.0162415086625817	1
"TRINITY_DN8598_c0_g1_i2"	-3.0240971504089	6.5922882436382	0.016244096576312	1
"TRINITY_DN49224_c0_g1_i1"	-5.19957096337408	6.43021982883401	0.0162894703122615	1
"TRINITY_DN5431_c0_g1_i2"	-5.19957087537581	6.43021982883401	0.0162902962883861	1
"TRINITY_DN64206_c0_g2_i1"	3.04690524164333	6.59522424360395	0.0165561584506591	1
"TRINITY_DN18971_c1_g4_i1"	3.04690500057651	6.59522424360395	0.0165609807745189	1
"TRINITY_DN113906_c0_g1_i1"	3.04690466005506	6.59522424360395	0.016567793938901	1
"TRINITY_DN10236_c0_g5_i1"	-3.02477744546887	6.5928753793178	0.0202510923674849	1
"TRINITY_DN2808_c0_g1_i2"	-3.02478132142571	6.5928753793178	0.0203223910709863	1
"TRINITY_DN22625_c0_g1_i1"	4.86427411837785	6.25369658248668	0.0208531464420595	1
"TRINITY_DN22861_c0_g1_i1"	4.86427411837785	6.25369658248668	0.0208534291978304	1
"TRINITY_DN22115_c0_g1_i2"	4.86427411837785	6.25369658248668	0.0208640128759459	1
"TRINITY_DN20495_c1_g3_i1"	4.86427411837785	6.25369658248668	0.0208786945253069	1
"TRINITY_DN18936_c0_g2_i1"	4.86427411837785	6.25369658248668	0.0208829873075945	1
"TRINITY_DN11751_c1_g1_i1"	4.86427411837785	6.25369658248668	0.0208910830410946	1
"TRINITY_DN2785_c0_g2_i1"	4.86427411837785	6.25369658248668	0.020901572118831	1
"TRINITY_DN17626_c1_g1_i2"	4.86427411837785	6.25369658248668	0.0209084701803925	1
"TRINITY_DN135655_c0_g1_i1"	4.86427411837785	6.25369658248668	0.0209169303145973	1
"TRINITY_DN128546_c0_g1_i1"	4.86427411837785	6.25369658248668	0.0209417945502434	1
"TRINITY_DN33431_c0_g1_i1"	4.86427411837785	6.25369658248668	0.0210085698691703	1
"TRINITY_DN38151_c0_g1_i2"	4.86427411837785	6.25369658248668	0.0210806465121538	1
"TRINITY_DN52982_c0_g2_i1"	4.86427411837785	6.25369658248668	0.021139384743809	1
"TRINITY_DN35913_c0_g1_i1"	-5.04096246906475	6.3456770405281	0.0215901295263709	1
"TRINITY_DN47206_c0_g2_i1"	-5.04096948778933	6.3456770405281	0.0216633848429011	1
"TRINITY_DN21112_c1_g2_i1"	-5.04096957862607	6.3456770405281	0.0216643354291792	1
"TRINITY_DN1711_c1_g1_i1"	-5.04098234512212	6.3456770405281	0.0217985765478112	1
"TRINITY_DN7383_c0_g1_i2"	5.05071442597901	6.34693767785712	0.0217990996308459	1
"TRINITY_DN80997_c0_g1_i1"	4.86427411837785	6.25369658248668	0.0218220777240639	1
"TRINITY_DN62578_c0_g2_i1"	5.05071442597901	6.34693767785712	0.0218322087419443	1
"TRINITY_DN9614_c0_g2_i1"	4.86427411837785	6.25369658248668	0.0218632193159141	1
"TRINITY_DN84094_c0_g1_i1"	4.86427411837785	6.25369658248668	0.0218694150921431	1
"TRINITY_DN7873_c0_g2_i2"	-2.01511597302574	6.92959670517174	0.0218957126781769	1
"TRINITY_DN37274_c0_g1_i2"	5.05071442597901	6.34693767785712	0.021901222351094	1
"TRINITY_DN62237_c0_g1_i1"	-5.03531471741702	6.34315648586306	0.0219215961648228	1
"TRINITY_DN149113_c0_g1_i1"	-5.0353114709281	6.34315648586306	0.0219574544811517	1
"TRINITY_DN123936_c0_g1_i1"	-5.03531144730253	6.34315648586306	0.0219577157620691	1
"TRINITY_DN17961_c0_g2_i1"	2.14570089325619	6.99019161299157	0.0226687434827355	1
"TRINITY_DN104_c0_g2_i2"	2.33406638904063	6.73926576436653	0.0229840727242	1
"TRINITY_DN20551_c0_g1_i2"	2.33406638904063	6.73926576436653	0.0229840727242	1
"TRINITY_DN18611_c0_g1_i1"	-4.85129948361407	6.25111244127023	0.0237882236047197	1
"TRINITY_DN23388_c0_g2_i1"	-4.85129941023473	6.25111244127023	0.0237902720404051	1
"TRINITY_DN28019_c0_g1_i1"	-4.85129854654182	6.25111244127023	0.023814405055616	1
"TRINITY_DN36385_c0_g1_i1"	-4.85129738798341	6.25111244127023	0.0238468421352056	1
"TRINITY_DN13167_c0_g1_i1"	-4.8512958325136	6.25111244127023	0.0238905094148914	1
"TRINITY_DN10455_c0_g1_i1"	-4.85129483469895	6.25111244127023	0.0239185926165982	1
"TRINITY_DN14325_c0_g1_i1"	-4.85220187897202	6.25175836878071	0.0240616540722036	1
"TRINITY_DN15506_c0_g1_i3"	-4.85220221536618	6.25175836878071	0.0240700967198477	1
"TRINITY_DN16222_c0_g1_i1"	-4.85220226970826	6.25175836878071	0.0240714610388134	1
"TRINITY_DN157984_c0_g1_i1"	-4.85220276097874	6.25175836878071	0.0240838008668387	1
"TRINITY_DN13301_c0_g1_i1"	-4.85220395384465	6.25175836878071	0.0241138080146322	1
"TRINITY_DN13200_c0_g1_i1"	-4.85220402083799	6.25175836878071	0.0241154951386819	1
"TRINITY_DN10_c0_g2_i1"	-4.85220673351073	6.25175836878071	0.0241839774428907	1
"TRINITY_DN888_c1_g1_i1"	-2.30974378914314	6.73645774757422	0.024214723696924	1
"TRINITY_DN10067_c0_g3_i1"	-4.85220832402855	6.25175836878071	0.0242242834452013	1
"TRINITY_DN24862_c0_g1_i2"	-4.85222641739894	6.25175836878071	0.024690894374163	1
"TRINITY_DN2631_c0_g2_i1"	-4.85222690459132	6.25175836878071	0.0247036678280635	1
"TRINITY_DN26697_c0_g1_i2"	-4.85222732568245	6.25175836878071	0.0247147171822467	1
"TRINITY_DN8781_c0_g1_i1"	-4.85223341119287	6.25175836878071	0.0248753344191037	1
"TRINITY_DN33553_c0_g1_i1"	-4.85223706591471	6.25175836878071	0.0249726420658323	1
"TRINITY_DN8227_c0_g2_i2"	-4.85223800603451	6.25175836878071	0.0249977766260583	1
"TRINITY_DN34352_c0_g1_i1"	-4.85223956223743	6.25175836878071	0.0250394761921731	1
"TRINITY_DN25163_c0_g1_i1"	-2.43140056250161	6.80264440513608	0.0250765188907498	1
"TRINITY_DN17818_c0_g4_i1"	-2.43140017725499	6.80264440513608	0.0250825771325164	1
"TRINITY_DN5086_c0_g2_i1"	-4.85224902493519	6.25175836878071	0.0252955762396952	1
"TRINITY_DN809_c0_g1_i3"	2.57166972803621	6.8701910333385	0.0273517087577453	1
"TRINITY_DN101099_c0_g1_i1"	-2.87580107346091	6.51410323983653	0.027718785651206	1
"TRINITY_DN134733_c0_g1_i1"	-2.87580085780681	6.51410323983653	0.0277272228538759	1
"TRINITY_DN20151_c0_g1_i1"	-2.87579980360704	6.51410323983653	0.0277685267363211	1
"TRINITY_DN8913_c2_g1_i1"	-2.87579851195938	6.51410323983653	0.0278192691693664	1
"TRINITY_DN806_c1_g1_i1"	-2.87579834080329	6.51410323983653	0.0278260042491325	1
"TRINITY_DN10880_c1_g1_i1"	-2.87624047296239	6.51470403757715	0.0281823618943834	1
"TRINITY_DN13775_c0_g2_i2"	-2.87624097715762	6.51470403757715	0.0281995951551415	1
"TRINITY_DN28240_c0_g1_i1"	-2.87624098446844	6.51470403757715	0.0281998451616513	1
"TRINITY_DN2975_c0_g1_i1"	-2.87624144097741	6.51470403757715	0.0282154633732346	1
"TRINITY_DN19836_c0_g3_i1"	-3.28657421848053	6.73870412387347	0.0286412353744723	1
"TRINITY_DN12024_c0_g1_i1"	2.89935674091067	6.5165066728818	0.0293554919008909	1
"TRINITY_DN15192_c0_g1_i1"	2.8987348733673	6.51710763169048	0.0297122259897292	1
"TRINITY_DN9547_c0_g1_i1"	2.33364229349583	6.73982742326038	0.0298815936022885	1
"TRINITY_DN24631_c0_g1_i1"	4.86427411837785	6.25369658248668	0.0298834847130361	1
"TRINITY_DN11599_c0_g1_i2"	2.33448512462507	6.73870412387347	0.0299149210711469	1
"TRINITY_DN372_c1_g2_i1"	4.86427411837785	6.25369658248668	0.0299609916061653	1
"TRINITY_DN51148_c0_g1_i1"	4.86427411837785	6.25369658248668	0.0299615811107625	1
"TRINITY_DN36979_c0_g1_i1"	4.86427411837785	6.25369658248668	0.0299711127855997	1
"TRINITY_DN47339_c0_g1_i1"	4.86427411837785	6.25369658248668	0.0299729100263924	1
"TRINITY_DN5553_c0_g1_i2"	4.86427411837785	6.25369658248668	0.0299748740110878	1
"TRINITY_DN18262_c0_g1_i1"	4.86427411837785	6.25369658248668	0.029977343099729	1
"TRINITY_DN43303_c1_g1_i1"	4.86427411837785	6.25369658248668	0.0299941787939442	1
"TRINITY_DN41777_c0_g1_i1"	4.86427411837785	6.25369658248668	0.0299960117457868	1
"TRINITY_DN163792_c0_g1_i1"	4.86427411837785	6.25369658248668	0.0300011782481266	1
"TRINITY_DN42327_c0_g2_i1"	4.86427411837785	6.25369658248668	0.0300062414833853	1
"TRINITY_DN160615_c0_g1_i1"	4.86427411837785	6.25369658248668	0.0300181481245527	1
"TRINITY_DN156936_c0_g1_i1"	4.86427411837785	6.25369658248668	0.0300256446427437	1
"TRINITY_DN14856_c0_g1_i1"	4.86427411837785	6.25369658248668	0.0300349196540792	1
"TRINITY_DN101223_c0_g1_i1"	4.86427411837785	6.25369658248668	0.030036500655538	1
"TRINITY_DN1581_c0_g1_i1"	4.86427411837785	6.25369658248668	0.0300378990267835	1
"TRINITY_DN11691_c0_g2_i3"	4.86427411837785	6.25369658248668	0.0300444050530348	1
"TRINITY_DN107387_c0_g1_i1"	4.86427411837785	6.25369658248668	0.0300536841169045	1
"TRINITY_DN14690_c0_g2_i2"	4.86427411837785	6.25369658248668	0.0300580529968074	1
"TRINITY_DN128007_c0_g1_i1"	4.86427411837785	6.25369658248668	0.0300611166412935	1
"TRINITY_DN140440_c0_g1_i1"	4.86427411837785	6.25369658248668	0.0300635704903109	1
"TRINITY_DN139454_c0_g1_i1"	4.86427411837785	6.25369658248668	0.0300800604018736	1
"TRINITY_DN632_c0_g1_i3"	4.86427411837785	6.25369658248668	0.0300864201715504	1
"TRINITY_DN67427_c0_g1_i1"	4.86427411837785	6.25369658248668	0.0301440129396139	1
"TRINITY_DN68975_c0_g1_i1"	4.86427411837785	6.25369658248668	0.0302212714482691	1
"TRINITY_DN27096_c0_g1_i1"	3.04633308630912	6.59522424360395	0.0302367772368205	1
"TRINITY_DN8670_c0_g2_i2"	-1.39612721636246	7.43206709215596	0.0302417904705804	1
"TRINITY_DN71127_c0_g1_i1"	4.86427411837785	6.25369658248668	0.0303458542208653	1
"TRINITY_DN80920_c0_g1_i1"	4.86427411837785	6.25369658248668	0.0304740729112802	1
"TRINITY_DN84454_c0_g1_i1"	4.86427411837785	6.25369658248668	0.030495485913536	1
"TRINITY_DN109634_c0_g1_i1"	-3.02625897491702	6.59346254724615	0.0307183557094705	1
"TRINITY_DN9207_c0_g1_i2"	-3.02627009810365	6.59346254724615	0.0309139383634163	1
"TRINITY_DN8586_c0_g2_i2"	-2.01455305887366	6.92854241584974	0.0309559573387028	1
"TRINITY_DN88943_c0_g1_i1"	-4.85384430478353	6.25240436822398	0.0321887426504609	1
"TRINITY_DN9877_c0_g1_i2"	-4.85384731220608	6.25240436822398	0.0322313620691541	1
"TRINITY_DN8252_c0_g1_i3"	-4.85385025230301	6.25240436822398	0.0322731176361751	1
"TRINITY_DN788_c2_g1_i1"	-4.85385908759328	6.25240436822398	0.0323991369239429	1
"TRINITY_DN78585_c0_g1_i1"	-4.85386039644135	6.25240436822398	0.032417874406685	1
"TRINITY_DN78203_c0_g1_i1"	-4.85386084919445	6.25240436822398	0.0324243601935092	1
"TRINITY_DN7168_c0_g3_i1"	-4.85386483843196	6.25240436822398	0.0324815996839357	1
"TRINITY_DN53075_c0_g2_i4"	-4.85389451979713	6.25240436822398	0.0329127749878778	1
"TRINITY_DN4562_c0_g1_i1"	2.33406149120348	6.73926576436653	0.0329803420947735	1
"TRINITY_DN13716_c0_g2_i1"	-2.43439348708541	6.80484281143136	0.0334633326295813	1
"TRINITY_DN3315_c1_g1_i2"	-4.63763471064885	6.15203446497409	0.0335923077724582	1
"TRINITY_DN33042_c0_g1_i1"	-4.6376347112011	6.15203446497409	0.033592521118121	1
"TRINITY_DN4367_c0_g1_i1"	-4.63763474642125	6.15203446497409	0.0336061327277393	1
"TRINITY_DN42517_c0_g2_i1"	-4.63763477414548	6.15203446497409	0.0336168547918869	1
"TRINITY_DN2991_c0_g1_i1"	-4.63763477838767	6.15203446497409	0.0336184959912713	1
"TRINITY_DN431_c2_g1_i2"	-4.63763478123964	6.15203446497409	0.0336195994387884	1
"TRINITY_DN3017_c0_g2_i1"	-4.63763479145185	6.15203446497409	0.0336235511694141	1
"TRINITY_DN38428_c0_g1_i1"	-4.63763479742503	6.15203446497409	0.0336258629741291	1
"TRINITY_DN30656_c0_g1_i1"	-4.63763480338564	6.15203446497409	0.03362817021647	1
"TRINITY_DN30424_c0_g1_i1"	-4.63763481135252	6.15203446497409	0.0336312545187822	1
"TRINITY_DN43110_c0_g1_i2"	-4.63763482276732	6.15203446497409	0.0336356745911623	1
"TRINITY_DN25736_c0_g1_i3"	-4.63763484893261	6.15203446497409	0.0336458105928797	1
"TRINITY_DN26699_c0_g1_i1"	-4.63763486768715	6.15203446497409	0.0336530793842415	1
"TRINITY_DN44709_c0_g1_i1"	-4.63763487230372	6.15203446497409	0.0336548691105358	1
"TRINITY_DN25171_c0_g2_i1"	-4.63763487883751	6.15203446497409	0.0336574024069862	1
"TRINITY_DN23197_c0_g1_i2"	-4.63763488372023	6.15203446497409	0.0336592957844959	1
"TRINITY_DN24999_c0_g1_i1"	-4.63763490042756	6.15203446497409	0.0336657759409736	1
"TRINITY_DN2467_c0_g1_i1"	-4.63763490054101	6.15203446497409	0.0336658199522823	1
"TRINITY_DN29385_c0_g1_i2"	-4.63763492201437	6.15203446497409	0.0336741522037915	1
"TRINITY_DN4635_c2_g1_i1"	-4.63763499115874	6.15203446497409	0.0337010089040301	1
"TRINITY_DN30447_c0_g2_i1"	-4.85394754048254	6.25240436822398	0.0337068998421841	1
"TRINITY_DN21666_c0_g1_i1"	-4.63763506874663	6.15203446497409	0.0337311939637116	1
"TRINITY_DN20462_c0_g1_i1"	-4.63763511705482	6.15203446497409	0.0337500140598021	1
"TRINITY_DN20021_c0_g3_i2"	-4.63763512182008	6.15203446497409	0.0337518716154949	1
"TRINITY_DN4791_c0_g1_i1"	-4.6376351393665	6.15203446497409	0.0337587131027023	1
"TRINITY_DN29084_c0_g1_i1"	-4.85395141767164	6.25240436822398	0.0337662087882231	1
"TRINITY_DN17864_c0_g4_i1"	-4.63763521368978	6.15203446497409	0.0337877217486426	1
"TRINITY_DN18080_c1_g1_i1"	-4.63763524722157	6.15203446497409	0.0338008249187459	1
"TRINITY_DN17613_c0_g1_i1"	-4.63763529124944	6.15203446497409	0.033818044372461	1
"TRINITY_DN50301_c0_g1_i1"	-4.63763532420941	6.15203446497409	0.0338309461051907	1
"TRINITY_DN17527_c0_g4_i1"	-4.63763532953636	6.15203446497409	0.0338330321479014	1
"TRINITY_DN5174_c0_g2_i1"	-4.63763533688205	6.15203446497409	0.0338359091380375	1
"TRINITY_DN17405_c0_g1_i1"	-4.63763535289892	6.15203446497409	0.0338421838742798	1
"TRINITY_DN5781_c0_g2_i1"	-4.63763538149951	6.15203446497409	0.0338533939126927	1
"TRINITY_DN172715_c0_g1_i1"	-4.63763538323308	6.15203446497409	0.0338540736170343	1
"TRINITY_DN16307_c0_g3_i1"	-4.63763538355055	6.15203446497409	0.0338541980956438	1
"TRINITY_DN162430_c0_g1_i1"	-4.63763539955559	6.15203446497409	0.0338604746725871	1
"TRINITY_DN17225_c0_g2_i1"	-4.63763540618852	6.15203446497409	0.0338630765072339	1
"TRINITY_DN154852_c0_g1_i1"	-4.63763548707904	6.15203446497409	0.0338948374209872	1
"TRINITY_DN66837_c0_g1_i1"	-4.63763549419629	6.15203446497409	0.0338976346688725	1
"TRINITY_DN15605_c0_g1_i1"	-4.63763550107457	6.15203446497409	0.0339003384102653	1
"TRINITY_DN72278_c0_g1_i1"	-4.63763552061276	6.15203446497409	0.0339080208090975	1
"TRINITY_DN6241_c0_g1_i1"	-4.63763552639672	6.15203446497409	0.0339102956953456	1
"TRINITY_DN153146_c0_g1_i1"	-4.6376355329861	6.15203446497409	0.0339128877150377	1
"TRINITY_DN72262_c0_g1_i1"	-4.63763554218223	6.15203446497409	0.0339165057674309	1
"TRINITY_DN72208_c0_g1_i1"	-4.63763557919359	6.15203446497409	0.033931074677292	1
"TRINITY_DN90588_c0_g1_i1"	-4.63763559903235	6.15203446497409	0.0339388887955961	1
"TRINITY_DN71926_c0_g1_i1"	-4.6376356163923	6.15203446497409	0.0339457293738039	1
"TRINITY_DN99969_c0_g1_i1"	-4.63763568414089	6.15203446497409	0.0339724504766261	1
"TRINITY_DN7727_c0_g2_i2"	-4.63763574684476	6.15203446497409	0.0339972176603454	1
"TRINITY_DN7696_c0_g1_i1"	-4.63763576170101	6.15203446497409	0.034003090729236	1
"TRINITY_DN83913_c0_g1_i1"	-4.63763576285357	6.15203446497409	0.0340035464457362	1
"TRINITY_DN8331_c0_g3_i3"	-4.63763582736108	6.15203446497409	0.0340290710954142	1
"TRINITY_DN78017_c0_g1_i1"	-4.63763585030734	6.15203446497409	0.0340381594014753	1
"TRINITY_DN7936_c0_g2_i3"	-4.63763598403079	6.15203446497409	0.0340912154125614	1
"TRINITY_DN8247_c0_g1_i4"	-4.63763598930538	6.15203446497409	0.0340933113875768	1
"TRINITY_DN132942_c0_g1_i1"	-4.63763602215308	6.15203446497409	0.0341063696908847	1
"TRINITY_DN131840_c0_g1_i1"	-4.63763609909028	6.15203446497409	0.0341369927438396	1
"TRINITY_DN13163_c0_g1_i1"	-4.63763609917583	6.15203446497409	0.0341370268243787	1
"TRINITY_DN12252_c0_g1_i1"	-4.6376361766074	6.15203446497409	0.0341678996987071	1
"TRINITY_DN122644_c0_g1_i1"	-4.63763619979073	6.15203446497409	0.0341771535277693	1
"TRINITY_DN125449_c0_g1_i1"	-4.63763624325182	6.15203446497409	0.0341945142793229	1
"TRINITY_DN113601_c0_g1_i1"	-4.63763632246724	6.15203446497409	0.0342262005701564	1
"TRINITY_DN791_c0_g1_i1"	-2.31060003150688	6.73758089842268	0.0342307278726687	1
"TRINITY_DN112345_c0_g1_i1"	-4.63763635612014	6.15203446497409	0.034239678731172	1
"TRINITY_DN113791_c0_g1_i1"	-4.63763636505508	6.15203446497409	0.0342432589179187	1
"TRINITY_DN110768_c0_g1_i1"	-4.63763638531507	6.15203446497409	0.034251379649936	1
"TRINITY_DN0_c0_g1_i1"	-4.6376365365818	6.15203446497409	0.0343121274950082	1
"TRINITY_DN2039_c0_g2_i1"	-4.85398969861741	6.25240436822398	0.0343611379938455	1
"TRINITY_DN13067_c0_g1_i2"	-2.30902409614688	6.73589620033391	0.0343898395012612	1
"TRINITY_DN155564_c0_g1_i1"	-4.85403629132212	6.25240436822398	0.0351088551070908	1
"TRINITY_DN150955_c0_g1_i1"	-4.85404511548677	6.25240436822398	0.0352534796681252	1
"TRINITY_DN12860_c0_g1_i1"	-4.85408217520916	6.25240436822398	0.0358716969405337	1
"TRINITY_DN8679_c0_g1_i4"	-4.84944849367769	6.25046658579796	0.0358916574086732	1
"TRINITY_DN68271_c0_g1_i1"	-4.84944815937665	6.25046658579796	0.0358975567266083	1
"TRINITY_DN51631_c0_g1_i1"	-4.84944748580995	6.25046658579796	0.0359094477925403	1
"TRINITY_DN42672_c0_g1_i2"	-4.84944658938676	6.25046658579796	0.0359252831419752	1
"TRINITY_DN25646_c0_g1_i2"	-4.84944586883902	6.25046658579796	0.0359380199317395	1
"TRINITY_DN15258_c0_g1_i1"	-4.84944529564926	6.25046658579796	0.0359481572210208	1
"TRINITY_DN20434_c0_g1_i3"	-4.84944504611927	6.25046658579796	0.0359525718076001	1
"TRINITY_DN23585_c0_g1_i1"	-4.84944504079039	6.25046658579796	0.0359526660936724	1
"TRINITY_DN168657_c0_g1_i1"	-4.84944499452397	6.25046658579796	0.03595348472201	1
"TRINITY_DN23399_c0_g1_i1"	-4.84944499399522	6.25046658579796	0.0359534940776786	1
"TRINITY_DN167517_c0_g1_i1"	-4.84944468159665	6.25046658579796	0.0359590223932262	1
"TRINITY_DN21957_c0_g1_i1"	-4.84944447811569	6.25046658579796	0.0359626240123371	1
"TRINITY_DN2838_c0_g2_i6"	-4.84944335859915	6.25046658579796	0.035982450051801	1
"TRINITY_DN12411_c0_g1_i1"	-4.84944233135935	6.25046658579796	0.0360006576595983	1
"TRINITY_DN12154_c0_g1_i1"	-4.84944159868185	6.25046658579796	0.0360136534264271	1
"TRINITY_DN105536_c0_g1_i1"	-4.84944015574196	6.25046658579796	0.0360392698316991	1
"TRINITY_DN10533_c1_g1_i1"	-4.84943962455537	6.25046658579796	0.0360487074565682	1
"TRINITY_DN104425_c0_g1_i1"	-4.84943959177614	6.25046658579796	0.0360492899796517	1
"TRINITY_DN10334_c0_g1_i1"	-4.84943924757058	6.25046658579796	0.0360554078221317	1
"TRINITY_DN115132_c0_g1_i1"	-4.85409778330555	6.25240436822398	0.0361374109392742	1
"TRINITY_DN113129_c0_g1_i1"	-4.85410021523269	6.25240436822398	0.0361791031313848	1
"TRINITY_DN101290_c0_g1_i1"	-4.85411500025921	6.25240436822398	0.0364342796930862	1
"TRINITY_DN3104_c1_g2_i1"	-5.03250416015396	6.34252649779629	0.0372890024815749	1
"TRINITY_DN161789_c0_g1_i1"	-2.87474623326299	6.51350248260312	0.0376470495546693	1
"TRINITY_DN3482_c0_g2_i1"	-2.8747447213554	6.51350248260312	0.0376774180633159	1
"TRINITY_DN5726_c0_g1_i4"	2.04092620148777	6.93117816670163	0.0380946361408273	1
"TRINITY_DN32132_c0_g2_i2"	-2.87738862193163	6.51530487572897	0.039052977250085	1
"TRINITY_DN3570_c1_g5_i1"	-2.87739083922256	6.51530487572897	0.0390977026655601	1
"TRINITY_DN10728_c0_g1_i2"	2.89968797556605	6.5165066728818	0.0394477894671527	1
"TRINITY_DN18495_c0_g1_i2"	2.8996919263968	6.5165066728818	0.0395772243474514	1
"TRINITY_DN1933_c0_g2_i3"	2.89969250183925	6.5165066728818	0.0395960943498136	1
"TRINITY_DN4493_c0_g4_i1"	2.89839652692389	6.51710763169048	0.0398915749740116	1
"TRINITY_DN27642_c0_g1_i1"	2.89839628263203	6.51710763169048	0.0398994681504503	1
"TRINITY_DN3642_c0_g2_i2"	-1.7332169690428	7.04537086114983	0.0407013438846778	1
"TRINITY_DN10205_c4_g1_i1"	4.65011343019195	6.15402244420148	0.040989097586812	1
"TRINITY_DN10596_c0_g1_i1"	4.65011343019195	6.15402244420148	0.0413321047453608	1
"TRINITY_DN108210_c0_g1_i1"	4.65011343019195	6.15402244420148	0.0414808172208313	1
"TRINITY_DN110097_c0_g1_i1"	4.65011343019195	6.15402244420148	0.0416768757055702	1
"TRINITY_DN7387_c0_g1_i2"	-1.90213322476593	6.86857654640732	0.0417328177399919	1
"TRINITY_DN11142_c1_g1_i1"	4.65011343019195	6.15402244420148	0.0417443843894231	1
"TRINITY_DN111894_c0_g1_i1"	4.65011343019195	6.15402244420148	0.0417595817815121	1
"TRINITY_DN112554_c0_g1_i1"	4.65011343019195	6.15402244420148	0.0418559938160153	1
"TRINITY_DN11404_c0_g1_i1"	4.65011343019195	6.15402244420148	0.0419674577294766	1
"TRINITY_DN12282_c0_g1_i1"	4.65011343019195	6.15402244420148	0.0429475663466053	1
"TRINITY_DN8260_c0_g4_i2"	4.65011343019195	6.15402244420148	0.0430123906508338	1
"TRINITY_DN127276_c0_g1_i1"	4.65011343019195	6.15402244420148	0.0430646766550499	1
"TRINITY_DN5664_c0_g3_i4"	4.65011343019195	6.15402244420148	0.0431459889331005	1
"TRINITY_DN62787_c0_g1_i2"	4.65011343019195	6.15402244420148	0.0431488504596714	1
"TRINITY_DN58009_c0_g1_i1"	4.65011343019195	6.15402244420148	0.043156588477009	1
"TRINITY_DN5457_c0_g1_i1"	4.65011343019195	6.15402244420148	0.0431781678773799	1
"TRINITY_DN52628_c0_g1_i1"	4.65011343019195	6.15402244420148	0.0432345494394861	1
"TRINITY_DN51_c0_g2_i1"	4.65011343019195	6.15402244420148	0.0432396601072875	1
"TRINITY_DN131775_c0_g1_i1"	4.65011343019195	6.15402244420148	0.04325292843974	1
"TRINITY_DN39108_c0_g1_i1"	4.65011343019195	6.15402244420148	0.043271340448922	1
"TRINITY_DN42679_c0_g1_i1"	4.65011343019195	6.15402244420148	0.0433032387134304	1
"TRINITY_DN376_c0_g1_i1"	4.65011343019195	6.15402244420148	0.0433067601730619	1
"TRINITY_DN42578_c0_g1_i1"	4.65011343019195	6.15402244420148	0.0433079130246394	1
"TRINITY_DN31485_c0_g1_i1"	4.65011343019195	6.15402244420148	0.0435713821368593	1
"TRINITY_DN31069_c0_g1_i1"	4.65011343019195	6.15402244420148	0.0435992645844302	1
"TRINITY_DN1566_c0_g1_i1"	4.65011343019195	6.15402244420148	0.0436428282640504	1
"TRINITY_DN154838_c0_g1_i1"	4.65011343019195	6.15402244420148	0.043662174656301	1
"TRINITY_DN17416_c0_g1_i1"	4.65011343019195	6.15402244420148	0.0437843136700023	1
"TRINITY_DN24924_c0_g4_i1"	4.65011343019195	6.15402244420148	0.0438026922581318	1
"TRINITY_DN18215_c0_g1_i1"	4.65011343019195	6.15402244420148	0.0438352843741647	1
"TRINITY_DN20817_c0_g1_i1"	4.65011343019195	6.15402244420148	0.0438452687104777	1
"TRINITY_DN2009_c0_g1_i1"	4.65011343019195	6.15402244420148	0.0438620329057715	1
"TRINITY_DN22610_c0_g1_i1"	4.65011343019195	6.15402244420148	0.0439566254035313	1
"TRINITY_DN2208_c0_g2_i1"	4.65011343019195	6.15402244420148	0.0439647795207218	1
"TRINITY_DN980_c0_g4_i1"	-2.30865079045374	6.73589620033391	0.0440831485339423	1
"TRINITY_DN116756_c0_g1_i1"	-4.63874739560115	6.1526970393933	0.0452963954553802	1
"TRINITY_DN11986_c0_g1_i1"	-4.63874937639016	6.1526970393933	0.0453315252682147	1
"TRINITY_DN12257_c0_g1_i11"	-4.63875216206851	6.1526970393933	0.0453810147715833	1
"TRINITY_DN121667_c0_g1_i1"	-4.63875278554828	6.1526970393933	0.0453921049150227	1
"TRINITY_DN127576_c0_g1_i1"	-4.63875920140822	6.1526970393933	0.0455065167888451	1
"TRINITY_DN13102_c2_g1_i1"	-4.63876990360375	6.1526970393933	0.0456985479712851	1
"TRINITY_DN9459_c1_g1_i2"	-4.63654421507478	6.15137197602048	0.0457471750836024	1
"TRINITY_DN9500_c0_g2_i1"	-4.63654382222282	6.15137197602048	0.0457546608923084	1
"TRINITY_DN82689_c0_g1_i1"	-4.63654096859251	6.15137197602048	0.0458091043802645	1
"TRINITY_DN78288_c0_g1_i1"	-4.63653856188031	6.15137197602048	0.0458551136292813	1
"TRINITY_DN76_c3_g1_i1"	-4.63653851195922	6.15137197602048	0.0458560688698424	1
"TRINITY_DN676_c0_g2_i1"	-4.63653487804888	6.15137197602048	0.0459257018489603	1
"TRINITY_DN63060_c0_g1_i1"	-4.6365344602791	6.15137197602048	0.0459337195696044	1
"TRINITY_DN60234_c0_g1_i1"	-4.63653263575931	6.15137197602048	0.0459687653174456	1
"TRINITY_DN61469_c0_g1_i1"	-4.63653243520359	6.15137197602048	0.0459726206209252	1
"TRINITY_DN5185_c0_g1_i4"	-4.63652892555243	6.15137197602048	0.0460401830038853	1
"TRINITY_DN45868_c0_g1_i1"	-4.63652473860549	6.15137197602048	0.0461210218724508	1
"TRINITY_DN40833_c0_g1_i1"	-4.63652328055095	6.15137197602048	0.0461492340939112	1
"TRINITY_DN4169_c0_g1_i2"	-4.6365221022345	6.15137197602048	0.0461720566967802	1
"TRINITY_DN36140_c0_g1_i1"	-4.63652190787413	6.15137197602048	0.0461758232138994	1
"TRINITY_DN39473_c0_g1_i1"	-4.63652190178439	6.15137197602048	0.0461759412362983	1
"TRINITY_DN32822_c0_g1_i1"	-4.63652148457777	6.15137197602048	0.0461840282376601	1
"TRINITY_DN44313_c0_g1_i1"	-4.63652148447056	6.15137197602048	0.0461840303161302	1
"TRINITY_DN33203_c0_g1_i2"	-4.63652145488737	6.15137197602048	0.0461846038458407	1
"TRINITY_DN3884_c0_g2_i2"	-4.63652105965102	6.15137197602048	0.0461922675493771	1
"TRINITY_DN33364_c0_g1_i1"	-4.63652104839678	6.15137197602048	0.0461924858051282	1
"TRINITY_DN37152_c0_g1_i1"	-4.63652103182049	6.15137197602048	0.0461928072761567	1
"TRINITY_DN29738_c0_g1_i1"	-4.63652062698931	6.15137197602048	0.046200659607025	1
"TRINITY_DN32008_c0_g1_i1"	-4.63652048697188	6.15137197602048	0.0462033760319188	1
"TRINITY_DN31589_c0_g1_i1"	-4.63651973241856	6.15137197602048	0.0462180198686979	1
"TRINITY_DN28270_c0_g1_i1"	-4.63651918475505	6.15137197602048	0.0462286538570021	1
"TRINITY_DN25455_c0_g1_i1"	-4.63651870627016	6.15137197602048	0.0462379482700471	1
"TRINITY_DN25722_c0_g2_i1"	-4.63651858513098	6.15137197602048	0.0462403019017631	1
"TRINITY_DN22264_c2_g1_i1"	-4.63651797355033	6.15137197602048	0.0462521877455301	1
"TRINITY_DN20969_c0_g1_i2"	-4.6365175535288	6.15137197602048	0.0462603539486038	1
"TRINITY_DN2577_c0_g2_i1"	-4.63651751176568	6.15137197602048	0.0462611660657546	1
"TRINITY_DN22569_c0_g1_i1"	-4.63651721192404	6.15137197602048	0.0462669974920681	1
"TRINITY_DN177336_c0_g1_i1"	-4.63651680456838	6.15137197602048	0.0462749220451446	1
"TRINITY_DN171171_c0_g1_i1"	-4.63651386246607	6.15137197602048	0.0463322305111786	1
"TRINITY_DN170504_c0_g1_i1"	-4.63651260982087	6.15137197602048	0.0463566699111446	1
"TRINITY_DN167122_c0_g1_i1"	-4.63651258189155	6.15137197602048	0.046357215087629	1
"TRINITY_DN16810_c1_g1_i2"	-4.63651246902986	6.15137197602048	0.046359418251543	1
"TRINITY_DN161791_c0_g1_i1"	-4.63651103965068	6.15137197602048	0.0463873376354647	1
"TRINITY_DN15781_c0_g1_i2"	-4.63650909231459	6.15137197602048	0.0464254235709427	1
"TRINITY_DN146689_c0_g1_i1"	-4.63650879794905	6.15137197602048	0.0464311857411116	1
"TRINITY_DN15168_c0_g1_i1"	-4.63650835818728	6.15137197602048	0.0464397964630931	1
"TRINITY_DN143411_c0_g1_i1"	-4.6365072618201	6.15137197602048	0.0464612765241061	1
"TRINITY_DN125925_c0_g1_i1"	-4.6365019544424	6.15137197602048	0.0465655162996398	1
"TRINITY_DN12358_c0_g1_i1"	-4.63650108691992	6.15137197602048	0.0465825955965447	1
"TRINITY_DN113861_c0_g1_i1"	-4.63649947523811	6.15137197602048	0.0466143559175743	1
"TRINITY_DN112928_c0_g1_i1"	-4.63649882420881	6.15137197602048	0.0466271965423453	1
"TRINITY_DN1571_c0_g2_i3"	-4.6388206480196	6.1526970393933	0.0466296557047577	1
"TRINITY_DN109748_c0_g1_i1"	-4.63649577118469	6.15137197602048	0.0466874994789417	1
"TRINITY_DN10792_c0_g2_i1"	-4.63649356763308	6.15137197602048	0.0467311124174386	1
"TRINITY_DN16097_c0_g2_i1"	-4.63882659153406	6.1526970393933	0.0467409894450878	1
"TRINITY_DN161707_c0_g1_i1"	-4.63883143618058	6.1526970393933	0.0468320997666632	1
"TRINITY_DN163039_c0_g1_i1"	-4.63883322874589	6.1526970393933	0.0468658938798681	1
"TRINITY_DN163899_c0_g1_i1"	-4.63883326664509	6.1526970393933	0.0468666088515373	1
"TRINITY_DN164443_c0_g1_i1"	-4.63883783152764	6.1526970393933	0.0469528719678702	1
"TRINITY_DN1660_c0_g2_i3"	-4.63884376820563	6.1526970393933	0.0470654934860053	1
"TRINITY_DN46020_c0_g1_i1"	2.73420963358348	6.4339106159819	0.0471468693850211	1
"TRINITY_DN1454_c0_g2_i4"	3.04579573323322	6.59522424360395	0.047181207546308	1
"TRINITY_DN585_c0_g2_i1"	2.73421103416583	6.4339106159819	0.0471970946538305	1
"TRINITY_DN110803_c0_g1_i1"	2.73421365751946	6.4339106159819	0.0472912344315806	1
"TRINITY_DN172829_c0_g1_i1"	-4.638857816289	6.1526970393933	0.0473339694610436	1
"TRINITY_DN5975_c0_g1_i1"	2.73372902222908	6.43452592050024	0.047355975704301	1
"TRINITY_DN176_c0_g1_i2"	-4.63886002647618	6.1526970393933	0.0473764638516219	1
"TRINITY_DN3911_c0_g1_i1"	2.73372831024985	6.43452592050024	0.0473810929948905	1
"TRINITY_DN7889_c2_g1_i1"	2.73372612296129	6.43452592050024	0.0474582942600594	1
"TRINITY_DN977_c0_g1_i3"	2.73372595344	6.43452592050024	0.0474642799679341	1
"TRINITY_DN19374_c0_g1_i1"	-4.63887938875619	6.1526970393933	0.0477517356622992	1
"TRINITY_DN19763_c0_g1_i1"	-4.6388927752539	6.1526970393933	0.0480143752560098	1
"TRINITY_DN23654_c0_g1_i1"	-3.02837768754241	6.59404974733132	0.0480575086879088	1
"TRINITY_DN20055_c2_g1_i2"	-4.63890178032499	6.1526970393933	0.0481925400442748	1
"TRINITY_DN18520_c1_g2_i1"	4.86427411837785	6.25369658248668	0.0482655801207264	1
"TRINITY_DN168328_c0_g1_i1"	4.86427411837785	6.25369658248668	0.0483252207042604	1
"TRINITY_DN20341_c0_g1_i1"	-4.63890856994027	6.1526970393933	0.0483276714288375	1
"TRINITY_DN16395_c1_g1_i1"	4.86427411837785	6.25369658248668	0.0483453797776719	1
"TRINITY_DN2081_c1_g1_i1"	-4.6389136738107	6.1526970393933	0.0484297077342746	1
"TRINITY_DN10766_c0_g1_i1"	4.86427411837785	6.25369658248668	0.0485143886733123	1
"TRINITY_DN12191_c0_g1_i1"	4.86427411837785	6.25369658248668	0.0485161861937014	1
"TRINITY_DN22175_c0_g1_i1"	-4.6389297070131	6.1526970393933	0.0487528118608277	1
"TRINITY_DN22251_c0_g1_i1"	-4.85660419648579	6.25305043949454	0.0487616175040748	1
"TRINITY_DN159943_c0_g1_i1"	-4.8566050738871	6.25305043949454	0.0487764312475619	1
"TRINITY_DN22487_c0_g1_i1"	-4.63893378093154	6.1526970393933	0.048835536747049	1
"TRINITY_DN128438_c0_g1_i1"	-4.85661009035955	6.25305043949454	0.048861267328399	1
"TRINITY_DN22627_c0_g1_i1"	-4.6389357700669	6.1526970393933	0.048876021037837	1
"TRINITY_DN23666_c0_g1_i1"	-4.638940736947	6.1526970393933	0.0489773778338994	1
"TRINITY_DN6229_c0_g2_i2"	-4.85662263814673	6.25305043949454	0.0490745152579759	1
"TRINITY_DN991_c0_g1_i6"	-4.63894753664115	6.1526970393933	0.0491167581040239	1
"TRINITY_DN9310_c0_g3_i1"	-4.63895056287013	6.1526970393933	0.0491790222189715	1
"TRINITY_DN9127_c0_g1_i1"	-4.63895288223004	6.1526970393933	0.0492268399514406	1
"TRINITY_DN702_c3_g1_i1"	-4.63895319833531	6.1526970393933	0.0492333635765111	1
"TRINITY_DN73528_c0_g1_i1"	-4.63895376930882	6.1526970393933	0.0492451510354551	1
"TRINITY_DN83677_c0_g1_i1"	-4.63895568346381	6.1526970393933	0.0492847052889325	1
"TRINITY_DN6711_c0_g2_i3"	-4.63895730967847	6.1526970393933	0.0493183549658218	1
"TRINITY_DN81922_c0_g1_i1"	-4.6389576746264	6.1526970393933	0.0493259122218999	1
"TRINITY_DN78728_c0_g1_i1"	-4.63895787316286	6.1526970393933	0.0493300243533356	1
"TRINITY_DN7982_c0_g3_i1"	-4.63895864894968	6.1526970393933	0.0493460986047781	1
"TRINITY_DN87012_c0_g1_i1"	-4.63895873536862	6.1526970393933	0.0493478897894964	1
"TRINITY_DN60253_c0_g1_i1"	-4.63895974054708	6.1526970393933	0.0493687325748592	1
"TRINITY_DN13085_c1_g1_i1"	-1.73203246819078	7.043851497469	0.0494180360305281	1
"TRINITY_DN30319_c0_g1_i1"	-4.63896248312738	6.1526970393933	0.049425682637725	1
"TRINITY_DN61714_c0_g1_i1"	-4.63896272457414	6.1526970393933	0.049430702037236	1
"TRINITY_DN58115_c0_g1_i1"	-4.63896405996358	6.1526970393933	0.0494584799965621	1
"TRINITY_DN53685_c0_g1_i1"	-4.63896617890548	6.1526970393933	0.0495026152524139	1
"TRINITY_DN53172_c0_g1_i1"	-4.63896640276437	6.1526970393933	0.0495072821735939	1
"TRINITY_DN31944_c0_g1_i1"	-4.63896700861658	6.1526970393933	0.0495199167535792	1
"TRINITY_DN32855_c0_g1_i1"	-4.63896905878235	6.1526970393933	0.0495627149070861	1
"TRINITY_DN34369_c0_g1_i1"	-4.63897129419357	6.1526970393933	0.0496094568594281	1
"TRINITY_DN484_c1_g4_i1"	-4.63897247851887	6.1526970393933	0.0496342533337323	1
"TRINITY_DN47720_c0_g1_i1"	-4.63897433320071	6.1526970393933	0.0496731305154416	1
"TRINITY_DN375_c0_g1_i1"	-4.63898118711226	6.1526970393933	0.0498172812625568	1
"TRINITY_DN4410_c1_g1_i1"	-4.6389812010901	6.1526970393933	0.0498175760198288	1
"TRINITY_DN40046_c0_g1_i1"	-4.63898850892251	6.1526970393933	0.0499721148672481	1
"TRINITY_DN35433_c0_g1_i1"	-1.62794343627646	6.9881252441893	0.0502185783767746	1
"TRINITY_DN10979_c0_g2_i1"	4.65011343019195	6.15402244420148	0.0511254507081838	1
"TRINITY_DN10999_c0_g1_i1"	4.65011343019195	6.15402244420148	0.0511276387431588	1
"TRINITY_DN6010_c0_g2_i2"	1.55112160563306	7.15402243880858	0.0511453013329566	1
"TRINITY_DN8152_c0_g1_i2"	-2.71097986287448	6.43206499895965	0.0512131469041896	1
"TRINITY_DN4720_c0_g1_i1"	-2.71098016321736	6.43206499895965	0.0514320846675332	1
"TRINITY_DN44089_c0_g1_i1"	-2.71098019736592	6.43206499895965	0.0514570791413576	1
"TRINITY_DN3927_c0_g1_i1"	-2.71098022358725	6.43206499895965	0.0514762855424568	1
"TRINITY_DN32948_c0_g1_i1"	-2.7109802366358	6.43206499895965	0.0514858478237021	1
"TRINITY_DN3998_c2_g1_i1"	-2.71098024056735	6.43206499895965	0.0514887295499257	1
"TRINITY_DN35927_c0_g2_i3"	-2.71098026064416	6.43206499895965	0.0515034496578998	1
"TRINITY_DN337_c0_g1_i3"	-2.71098026384594	6.43206499895965	0.0515057978404091	1
"TRINITY_DN2669_c0_g1_i1"	-2.71098028311631	6.43206499895965	0.0515199345624051	1
"TRINITY_DN114230_c0_g1_i1"	4.65011343019195	6.15402244420148	0.0515290727412213	1
"TRINITY_DN114502_c0_g1_i1"	4.65011343019195	6.15402244420148	0.0515393375529655	1
"TRINITY_DN21807_c0_g1_i1"	-2.71098039421475	6.43206499895965	0.0516015660784414	1
"TRINITY_DN1642_c0_g1_i1"	-2.71098046919454	6.43206499895965	0.051656784122828	1
"TRINITY_DN15523_c1_g1_i2"	-2.71098049798404	6.43206499895965	0.0516780127357366	1
"TRINITY_DN153724_c0_g1_i1"	-2.71098052342726	6.43206499895965	0.0516967863268548	1
"TRINITY_DN1495_c0_g1_i1"	-2.71098054582002	6.43206499895965	0.0517133187700892	1
"TRINITY_DN114875_c0_g1_i1"	4.65011343019195	6.15402244420148	0.0517499337636205	1
"TRINITY_DN1282_c0_g2_i1"	-2.71098068056667	6.43206499895965	0.0518129929191809	1
"TRINITY_DN115041_c0_g1_i1"	4.65011343019195	6.15402244420148	0.0518409121734777	1
"TRINITY_DN11327_c0_g1_i1"	-2.71098073347633	6.43206499895965	0.0518522210079369	1
"TRINITY_DN10428_c0_g1_i2"	-2.71098076510761	6.43206499895965	0.0518756972487542	1
"TRINITY_DN11604_c0_g6_i1"	4.65011343019195	6.15402244420148	0.0519225041403531	1
"TRINITY_DN8854_c0_g1_i1"	4.65011343019195	6.15402244420148	0.0522363864090833	1
"TRINITY_DN609_c1_g2_i1"	-2.43614114310001	6.80539244570004	0.0522479678738173	1
"TRINITY_DN8959_c0_g1_i1"	4.65011343019195	6.15402244420148	0.052252911306353	1
"TRINITY_DN86137_c0_g1_i1"	4.65011343019195	6.15402244420148	0.0522921325912886	1
"TRINITY_DN868_c0_g1_i2"	4.65011343019195	6.15402244420148	0.0522942966585626	1
"TRINITY_DN81465_c0_g1_i1"	4.65011343019195	6.15402244420148	0.052357709264176	1
"TRINITY_DN7333_c0_g1_i2"	4.65011343019195	6.15402244420148	0.0523659852224437	1
"TRINITY_DN7241_c0_g5_i1"	4.65011343019195	6.15402244420148	0.0523695225383388	1
"TRINITY_DN73954_c0_g1_i1"	4.65011343019195	6.15402244420148	0.0524203363310934	1
"TRINITY_DN7648_c0_g1_i2"	4.65011343019195	6.15402244420148	0.0524345487543882	1
"TRINITY_DN7497_c0_g2_i3"	4.65011343019195	6.15402244420148	0.052459461513658	1
"TRINITY_DN6667_c0_g1_i2"	4.65011343019195	6.15402244420148	0.0525554076737477	1
"TRINITY_DN19847_c0_g1_i1"	-2.30746359613413	6.73533467199379	0.0525868990792386	1
"TRINITY_DN60193_c0_g1_i1"	4.65011343019195	6.15402244420148	0.052599340050449	1
"TRINITY_DN60692_c0_g1_i1"	4.65011343019195	6.15402244420148	0.0526031062776829	1
"TRINITY_DN58475_c0_g3_i1"	4.65011343019195	6.15402244420148	0.0526058511304894	1
"TRINITY_DN5746_c0_g1_i1"	4.65011343019195	6.15402244420148	0.0526140921293249	1
"TRINITY_DN5677_c2_g1_i1"	4.65011343019195	6.15402244420148	0.052617121675239	1
"TRINITY_DN54504_c0_g1_i1"	4.65011343019195	6.15402244420148	0.0526355400109002	1
"TRINITY_DN54267_c0_g1_i1"	4.65011343019195	6.15402244420148	0.0526372170844868	1
"TRINITY_DN54047_c0_g1_i1"	4.65011343019195	6.15402244420148	0.0526494658938862	1
"TRINITY_DN126346_c0_g1_i1"	4.65011343019195	6.15402244420148	0.0527137957882497	1
"TRINITY_DN51529_c0_g1_i1"	4.65011343019195	6.15402244420148	0.0527163597857918	1
"TRINITY_DN48770_c0_g1_i1"	4.65011343019195	6.15402244420148	0.0527301870017846	1
"TRINITY_DN46973_c0_g1_i1"	4.65011343019195	6.15402244420148	0.0527451610884575	1
"TRINITY_DN46272_c0_g1_i1"	4.65011343019195	6.15402244420148	0.0527475202322019	1
"TRINITY_DN128392_c0_g1_i1"	4.65011343019195	6.15402244420148	0.0527582795294346	1
"TRINITY_DN445_c0_g1_i3"	4.65011343019195	6.15402244420148	0.0527650049920028	1
"TRINITY_DN41676_c0_g4_i1"	4.65011343019195	6.15402244420148	0.0527652291153849	1
"TRINITY_DN40186_c0_g1_i5"	4.65011343019195	6.15402244420148	0.0527738226007552	1
"TRINITY_DN39094_c1_g1_i1"	4.65011343019195	6.15402244420148	0.0527791860144606	1
"TRINITY_DN3902_c0_g2_i1"	4.65011343019195	6.15402244420148	0.0527976766801577	1
"TRINITY_DN44140_c0_g1_i1"	4.65011343019195	6.15402244420148	0.0527979188989346	1
"TRINITY_DN38881_c0_g1_i1"	4.65011343019195	6.15402244420148	0.0528013109653535	1
"TRINITY_DN43901_c0_g1_i1"	4.65011343019195	6.15402244420148	0.0528187396096372	1
"TRINITY_DN42781_c1_g1_i1"	4.65011343019195	6.15402244420148	0.0528224767028088	1
"TRINITY_DN3829_c1_g2_i1"	4.65011343019195	6.15402244420148	0.0528321751443341	1
"TRINITY_DN37586_c0_g1_i1"	4.65011343019195	6.15402244420148	0.0528419011478354	1
"TRINITY_DN37881_c0_g1_i1"	4.65011343019195	6.15402244420148	0.0528470764481638	1
"TRINITY_DN36673_c0_g1_i1"	4.65011343019195	6.15402244420148	0.0528610251281784	1
"TRINITY_DN34369_c0_g2_i1"	4.65011343019195	6.15402244420148	0.0528814397807652	1
"TRINITY_DN130957_c0_g1_i1"	4.65011343019195	6.15402244420148	0.0529142867103928	1
"TRINITY_DN34129_c0_g2_i1"	4.65011343019195	6.15402244420148	0.0529408531890035	1
"TRINITY_DN33290_c0_g1_i1"	4.65011343019195	6.15402244420148	0.0529889420280151	1
"TRINITY_DN33000_c0_g1_i1"	4.65011343019195	6.15402244420148	0.0529928401294727	1
"TRINITY_DN142257_c0_g1_i1"	4.65011343019195	6.15402244420148	0.0531849248017406	1
"TRINITY_DN14352_c1_g1_i2"	4.65011343019195	6.15402244420148	0.0531918008390593	1
"TRINITY_DN30389_c0_g1_i1"	4.65011343019195	6.15402244420148	0.0532219805439568	1
"TRINITY_DN28584_c0_g1_i1"	4.65011343019195	6.15402244420148	0.0532956649016564	1
"TRINITY_DN155689_c0_g1_i1"	4.65011343019195	6.15402244420148	0.0533736922285035	1
"TRINITY_DN167552_c0_g1_i1"	4.65011343019195	6.15402244420148	0.0533785547008115	1
"TRINITY_DN27467_c0_g1_i1"	4.65011343019195	6.15402244420148	0.0533885869909391	1
"TRINITY_DN162065_c0_g1_i1"	4.65011343019195	6.15402244420148	0.0533948085524036	1
"TRINITY_DN164713_c0_g1_i1"	4.65011343019195	6.15402244420148	0.0534227267801776	1
"TRINITY_DN17374_c0_g1_i1"	4.65011343019195	6.15402244420148	0.0535185930244841	1
"TRINITY_DN17846_c0_g1_i1"	4.65011343019195	6.15402244420148	0.053553383542084	1
"TRINITY_DN20954_c0_g3_i4"	4.65011343019195	6.15402244420148	0.0535713641563299	1
"TRINITY_DN12616_c0_g1_i3"	-1.62802783822492	6.98864183682327	0.0539990465000881	1
"TRINITY_DN23257_c0_g1_i1"	2.73440448029411	6.4339106159819	0.0543662812551732	1
"TRINITY_DN2668_c0_g1_i1"	2.73440533419994	6.4339106159819	0.0543989400037971	1
"TRINITY_DN5196_c1_g2_i5"	2.73441098697384	6.4339106159819	0.0546153601821584	1
"TRINITY_DN137932_c0_g1_i1"	2.73352894646551	6.43452592050024	0.0546500915521042	1
"TRINITY_DN132977_c0_g1_i1"	2.7335288887102	6.43452592050024	0.0546522648370946	1
"TRINITY_DN1962_c0_g3_i1"	2.73352810502903	6.43452592050024	0.0546817579442114	1
"TRINITY_DN5408_c1_g2_i1"	2.73352734519876	6.43452592050024	0.0547103602520355	1
"TRINITY_DN2566_c0_g5_i2"	2.73352718874434	6.43452592050024	0.0547162505016056	1
"TRINITY_DN2350_c1_g2_i1"	2.73352706612481	6.43452592050024	0.054720867121826	1
"TRINITY_DN590_c0_g2_i2"	2.73352685673288	6.43452592050024	0.0547287511230372	1
"TRINITY_DN3509_c0_g1_i1"	2.73352570238922	6.43452592050024	0.0547722234739686	1
"TRINITY_DN2104_c0_g1_i2"	-1.90192799722871	6.86803840013184	0.0560633932235337	1
"TRINITY_DN3002_c0_g1_i8"	-1.52569775310412	7.15158592959692	0.056337414584983	1
"TRINITY_DN12960_c0_g2_i1"	-2.17553018573873	6.6664631998081	0.056815887849973	1
"TRINITY_DN10178_c0_g1_i4"	-2.87272729032771	6.51290176597287	0.0568771362360823	1
"TRINITY_DN8317_c0_g1_i2"	1.80378978538007	6.80594209288896	0.0584381391231377	1
"TRINITY_DN13857_c0_g1_i3"	1.8037577107919	6.80649175291926	0.0584381391231377	1
"TRINITY_DN11342_c0_g1_i1"	-1.77907018303798	6.80429319016179	0.0584381391231377	1
"TRINITY_DN136541_c0_g1_i1"	-1.77907018303798	6.80429319016179	0.0584381391231377	1
"TRINITY_DN7910_c1_g2_i1"	-1.7790384231253	6.80374358197018	0.0584381391231377	1
"TRINITY_DN9845_c0_g1_i1"	-2.71182864551791	6.43268015511166	0.05856943046384	1
"TRINITY_DN9733_c0_g1_i1"	-2.71182888191528	6.43268015511166	0.0585769098171452	1
"TRINITY_DN8410_c0_g1_i2"	-2.71183195113449	6.43268015511166	0.0586741638058972	1
"TRINITY_DN77767_c0_g1_i1"	-2.71183198772918	6.43268015511166	0.0586753250296894	1
"TRINITY_DN8544_c0_g1_i1"	-2.71183199606961	6.43268015511166	0.0586755896939785	1
"TRINITY_DN1608_c0_g1_i1"	2.90021904736502	6.5165066728818	0.0587223029701507	1
"TRINITY_DN349_c0_g1_i8"	2.90022224345086	6.5165066728818	0.0588495869112731	1
"TRINITY_DN5091_c0_g1_i1"	2.90022254547693	6.5165066728818	0.0588616219674149	1
"TRINITY_DN7424_c0_g1_i1"	2.90022282761157	6.5165066728818	0.0588728654687943	1
"TRINITY_DN11785_c2_g1_i1"	2.89786356927311	6.51710763169048	0.0589390750989661	1
"TRINITY_DN14057_c0_g1_i3"	2.89786280778561	6.51710763169048	0.0589688708337205	1
"TRINITY_DN4700_c0_g2_i1"	-2.7118412319062	6.43268015511166	0.0589699149641138	1
"TRINITY_DN4692_c0_g2_i1"	-2.71184187954198	6.43268015511166	0.0589906475640584	1
"TRINITY_DN18307_c0_g1_i1"	2.89786201706369	6.51710763169048	0.0589998181488881	1
"TRINITY_DN4667_c0_g2_i1"	-2.71184280761837	6.43268015511166	0.0590203793904481	1
"TRINITY_DN3811_c0_g2_i2"	-2.71184387810198	6.43268015511166	0.0590547049353442	1
"TRINITY_DN270_c0_g1_i2"	2.89786056797018	6.51710763169048	0.0590565531700867	1
"TRINITY_DN4323_c0_g1_i1"	-2.71184417147101	6.43268015511166	0.0590641178558021	1
"TRINITY_DN8361_c0_g2_i2"	2.89785908586497	6.51710763169048	0.0591146078692521	1
"TRINITY_DN2696_c0_g1_i1"	-2.71184980247358	6.43268015511166	0.0592452860608007	1
"TRINITY_DN9088_c0_g2_i2"	-4.84642384036027	6.24982080246918	0.059394008249757	1
"TRINITY_DN845_c0_g1_i1"	-4.84642329608701	6.24982080246918	0.0594068670810459	1
"TRINITY_DN20118_c0_g1_i1"	-2.71185481865822	6.43268015511166	0.0594074682293415	1
"TRINITY_DN4033_c1_g1_i1"	-4.84642321348045	6.24982080246918	0.0594088191051223	1
"TRINITY_DN21361_c0_g2_i2"	-4.84642272948526	6.24982080246918	0.0594202581416282	1
"TRINITY_DN1625_c0_g1_i1"	-4.8464221591243	6.24982080246918	0.0594337428952637	1
"TRINITY_DN15422_c0_g1_i1"	-4.84642210108518	6.24982080246918	0.0594351153574104	1
"TRINITY_DN14168_c0_g2_i1"	-2.7118615628497	6.43268015511166	0.0596267087933166	1
"TRINITY_DN13748_c0_g1_i1"	-2.71186198152881	6.43268015511166	0.0596403644208991	1
"TRINITY_DN136961_c0_g1_i1"	-2.71186256813887	6.43268015511166	0.0596595061942294	1
"TRINITY_DN1250_c0_g1_i5"	-2.71186569560712	6.43268015511166	0.0597617350299699	1
"TRINITY_DN7150_c0_g2_i1"	-2.71011076726611	6.43144989246288	0.0599070323188204	1
"TRINITY_DN6982_c0_g2_i2"	-2.71011032333151	6.43144989246288	0.0599227174696041	1
"TRINITY_DN4209_c0_g2_i1"	-2.71010934540151	6.43144989246288	0.0599572943311644	1
"TRINITY_DN3921_c0_g2_i3"	-2.71010896951368	6.43144989246288	0.0599705936519238	1
"TRINITY_DN23911_c1_g1_i3"	-2.71010641539647	6.43144989246288	0.0600610934137491	1
"TRINITY_DN16706_c0_g1_i1"	-2.71010449919126	6.43144989246288	0.0601291418943597	1
"TRINITY_DN12690_c0_g1_i2"	-2.71010378305636	6.43144989246288	0.0601546068336922	1
"TRINITY_DN12114_c3_g1_i1"	2.20068734415225	6.66818550789079	0.062180182828914	1
"TRINITY_DN53_c0_g1_i1"	-2.1747416085838	6.66588914723985	0.0654121570559594	1
"TRINITY_DN54354_c0_g1_i1"	-2.17474157325394	6.66588914723985	0.0654140462439499	1
"TRINITY_DN37191_c0_g1_i1"	-4.38637622806821	6.04560113160882	0.0685623658474156	1
"TRINITY_DN3629_c0_g1_i1"	-4.38637657754174	6.04560113160882	0.0685722411850656	1
"TRINITY_DN36564_c1_g2_i1"	-4.3863766012059	6.04560113160882	0.0685729099918701	1
"TRINITY_DN3994_c0_g1_i2"	-4.38637721600128	6.04560113160882	0.0685902905271646	1
"TRINITY_DN3588_c0_g2_i1"	-4.38637727343424	6.04560113160882	0.0685919146663994	1
"TRINITY_DN3755_c0_g1_i1"	-4.386377621824	6.04560113160882	0.0686017685099817	1
"TRINITY_DN44289_c0_g1_i1"	-4.38637894853125	6.04560113160882	0.0686393209599733	1
"TRINITY_DN6259_c0_g1_i1"	-4.3859194208368	6.04492111514738	0.0686464134006101	1
"TRINITY_DN63208_c0_g1_i2"	-4.38591926118274	6.04492111514738	0.0686513625363078	1
"TRINITY_DN6362_c0_g1_i1"	-4.38591925271288	6.04492111514738	0.0686516251160183	1
"TRINITY_DN63140_c0_g1_i1"	-4.38591923868772	6.04492111514738	0.0686520599241454	1
"TRINITY_DN42401_c0_g1_i1"	-4.38637943069846	6.04560113160882	0.0686529796667316	1
"TRINITY_DN63208_c0_g2_i1"	-4.38591907907032	6.04492111514738	0.0686570087997794	1
"TRINITY_DN43771_c0_g1_i1"	-4.38637971635948	6.04560113160882	0.0686610745568928	1
"TRINITY_DN58003_c0_g1_i1"	-4.38591891593859	6.04492111514738	0.0686620674297601	1
"TRINITY_DN44076_c1_g1_i1"	-4.38637985298408	6.04560113160882	0.0686649468687048	1
"TRINITY_DN44912_c0_g1_i1"	-4.38637988242046	6.04560113160882	0.0686657812371878	1
"TRINITY_DN4390_c2_g2_i1"	-4.38638038444517	6.04560113160882	0.0686800143889221	1
"TRINITY_DN63867_c0_g2_i1"	-4.38591831615475	6.04492111514738	0.0686806733167143	1
"TRINITY_DN63780_c1_g1_i1"	-4.38591815653728	6.04492111514738	0.0686856266374636	1
"TRINITY_DN85431_c0_g1_i1"	-4.38591802819858	6.04492111514738	0.0686896098590685	1
"TRINITY_DN4359_c1_g2_i1"	-4.3863807858988	6.04560113160882	0.0686914007689422	1
"TRINITY_DN44848_c0_g1_i1"	-4.38638093926656	6.04560113160882	0.0686957517921889	1
"TRINITY_DN33801_c0_g1_i1"	-4.38638096362488	6.04560113160882	0.0686964428892781	1
"TRINITY_DN24566_c1_g1_i1"	-4.38638142802791	6.04560113160882	0.0687096218450571	1
"TRINITY_DN46329_c0_g1_i1"	-4.3863815311784	6.04560113160882	0.0687125498163973	1
"TRINITY_DN5775_c0_g2_i1"	-4.38591725655957	6.04492111514738	0.0687135695489552	1
"TRINITY_DN57741_c0_g2_i1"	-4.38591723636448	6.04492111514738	0.0687141968561161	1
"TRINITY_DN24136_c0_g1_i1"	-4.38638179502555	6.04560113160882	0.0687200404530417	1
"TRINITY_DN85043_c0_g1_i1"	-4.38591703988418	6.04492111514738	0.0687203006396206	1
"TRINITY_DN32860_c0_g1_i2"	-4.38638210478736	6.04560113160882	0.0687288368522274	1
"TRINITY_DN328_c1_g2_i1"	-4.38638210566129	6.04560113160882	0.0687288616729052	1
"TRINITY_DN25134_c0_g2_i2"	-4.38638211949217	6.04560113160882	0.0687292544892899	1
"TRINITY_DN6420_c0_g4_i1"	-4.38591670425362	6.04492111514738	0.0687307299143012	1
"TRINITY_DN8484_c0_g1_i1"	-4.38591669935372	6.04492111514738	0.0687308821972792	1
"TRINITY_DN46548_c0_g1_i1"	-4.38638220717413	6.04560113160882	0.0687317448930154	1
"TRINITY_DN8561_c0_g1_i1"	-4.38591659280785	6.04492111514738	0.0687341936973048	1
"TRINITY_DN23520_c0_g2_i1"	-4.38638235785448	6.04560113160882	0.0687360250734231	1
"TRINITY_DN5672_c4_g1_i1"	-4.38591632504141	6.04492111514738	0.0687425175312147	1
"TRINITY_DN55200_c0_g1_i1"	-4.3859162478439	6.04492111514738	0.0687449177095866	1
"TRINITY_DN23401_c0_g1_i1"	-4.386383955677	6.04560113160882	0.0687814476445045	1
"TRINITY_DN52647_c0_g2_i1"	-4.38591489128893	6.04492111514738	0.0687871243524159	1
"TRINITY_DN57252_c0_g1_i1"	-4.38591488740791	6.04492111514738	0.0687872451831424	1
"TRINITY_DN9444_c0_g2_i1"	-4.38591469725932	6.04492111514738	0.0687931657771438	1
"TRINITY_DN7203_c0_g1_i3"	-4.38591468332207	6.04492111514738	0.0687935997797355	1
"TRINITY_DN66204_c0_g1_i1"	-4.38591454380428	6.04492111514738	0.0687979446561389	1
"TRINITY_DN91003_c0_g1_i1"	-4.38591453820596	6.04492111514738	0.0687981190118276	1
"TRINITY_DN22989_c0_g1_i1"	-4.3863849160738	6.04560113160882	0.0688087806915536	1
"TRINITY_DN71646_c0_g1_i1"	-4.38591353974712	6.04492111514738	0.0688292305276006	1
"TRINITY_DN7487_c0_g1_i1"	-4.38591328843388	6.04492111514738	0.0688370661022878	1
"TRINITY_DN28034_c0_g1_i1"	-4.38638606106762	6.04560113160882	0.0688413979462701	1
"TRINITY_DN47225_c0_g2_i1"	-4.38591265148867	6.04492111514738	0.0688569337121758	1
"TRINITY_DN28335_c0_g1_i1"	-4.38638667722602	6.04560113160882	0.0688589641178962	1
"TRINITY_DN46016_c0_g1_i2"	-4.3859125329607	6.04492111514738	0.0688606322013789	1
"TRINITY_DN49591_c0_g1_i1"	-4.38638683716374	6.04560113160882	0.0688635253874766	1
"TRINITY_DN29824_c0_g1_i1"	-4.38638704759745	6.04560113160882	0.0688695277437042	1
"TRINITY_DN2242_c0_g1_i1"	-4.38638709638415	6.04560113160882	0.0688709194834402	1
"TRINITY_DN4937_c0_g2_i1"	-4.38591203928566	6.04492111514738	0.0688760411965106	1
"TRINITY_DN21830_c0_g1_i1"	-4.38638813489751	6.04560113160882	0.0689005595415481	1
"TRINITY_DN29522_c0_g1_i1"	-4.38638829789003	6.04560113160882	0.0689052139777168	1
"TRINITY_DN45060_c0_g1_i1"	-4.38591103824703	6.04492111514738	0.0689073092321769	1
"TRINITY_DN43783_c0_g1_i1"	-4.38591030384276	6.04492111514738	0.0689302682158234	1
"TRINITY_DN433_c0_g1_i2"	-4.38590963642565	6.04492111514738	0.068951147322598	1
"TRINITY_DN43512_c0_g1_i2"	-4.38590962393565	6.04492111514738	0.0689515381825625	1
"TRINITY_DN5110_c0_g1_i3"	-4.38638999057784	6.04560113160882	0.0689535905960901	1
"TRINITY_DN419_c0_g1_i3"	-4.385909371717	6.04492111514738	0.068959432090201	1
"TRINITY_DN20919_c0_g1_i1"	-4.38639050982991	6.04560113160882	0.0689684453378387	1
"TRINITY_DN52631_c0_g1_i1"	-4.38639112116899	6.04560113160882	0.0689859433217583	1
"TRINITY_DN40765_c0_g1_i1"	-4.38590718868553	6.04492111514738	0.0690278376529831	1
"TRINITY_DN5541_c0_g2_i1"	-4.38639358092707	6.04560113160882	0.0690564440233317	1
"TRINITY_DN55391_c0_g1_i1"	-4.38639359717574	6.04560113160882	0.06905691025175	1
"TRINITY_DN19281_c1_g1_i1"	-4.38639423384058	6.04560113160882	0.0690751836126648	1
"TRINITY_DN18686_c1_g1_i2"	-4.38639491788818	6.04560113160882	0.0690948285237743	1
"TRINITY_DN18806_c0_g1_i2"	-4.38639523569242	6.04560113160882	0.0691039595121811	1
"TRINITY_DN18240_c2_g1_i1"	-4.38639550574263	6.04560113160882	0.0691117204945283	1
"TRINITY_DN177123_c0_g1_i1"	-4.38639622344312	6.04560113160882	0.0691323556197183	1
"TRINITY_DN56187_c0_g1_i1"	-4.3863967323477	6.04560113160882	0.0691469955268234	1
"TRINITY_DN17220_c0_g1_i2"	-4.3863968642504	6.04560113160882	0.0691507911234151	1
"TRINITY_DN56211_c0_g1_i1"	-4.38639721774505	6.04560113160882	0.0691609653981778	1
"TRINITY_DN170976_c0_g1_i1"	-4.38639740778654	6.04560113160882	0.0691664364973475	1
"TRINITY_DN59845_c0_g1_i1"	-4.38639835988712	6.04560113160882	0.0691938604992678	1
"TRINITY_DN5969_c0_g7_i1"	-4.38639852375093	6.04560113160882	0.0691985827367206	1
"TRINITY_DN16821_c0_g1_i1"	-4.38639865829269	6.04560113160882	0.0692024604870586	1
"TRINITY_DN34920_c0_g2_i1"	-4.38590150601061	6.04492111514738	0.069206591292859	1
"TRINITY_DN16781_c0_g5_i1"	-4.38639902218018	6.04560113160882	0.0692129507583995	1
"TRINITY_DN16781_c0_g2_i2"	-4.38639902657343	6.04560113160882	0.0692130774294534	1
"TRINITY_DN164947_c0_g1_i1"	-4.3863990912278	6.04560113160882	0.0692149416721182	1
"TRINITY_DN14948_c1_g1_i1"	-4.386399346545	6.04560113160882	0.0692223045371092	1
"TRINITY_DN5666_c0_g2_i3"	-4.38639937640102	6.04560113160882	0.0692231656381616	1
"TRINITY_DN66225_c0_g1_i1"	-4.38639978676919	6.04560113160882	0.0692350037219952	1
"TRINITY_DN5742_c0_g2_i3"	-4.38639993032871	6.04560113160882	0.069239146077754	1
"TRINITY_DN1354_c0_g1_i1"	-4.38640015379185	6.04560113160882	0.0692455950818339	1
"TRINITY_DN64943_c0_g1_i1"	-4.38640021813899	6.04560113160882	0.0692474523387556	1
"TRINITY_DN66544_c0_g1_i1"	-4.38640073515551	6.04560113160882	0.0692623789136068	1
"TRINITY_DN136514_c0_g1_i1"	-4.38640119341203	6.04560113160882	0.0692756148310366	1
"TRINITY_DN63330_c0_g1_i1"	-4.38640159258555	6.04560113160882	0.0692871486696788	1
"TRINITY_DN1394_c0_g1_i1"	-4.38640163249607	6.04560113160882	0.0692883020830036	1
"TRINITY_DN67098_c0_g2_i1"	-4.38640182889538	6.04560113160882	0.0692939786202046	1
"TRINITY_DN144838_c0_g1_i1"	-4.3864024423031	6.04560113160882	0.0693117144007384	1
"TRINITY_DN32551_c0_g1_i1"	-4.3858980272967	6.04492111514738	0.0693165092995895	1
"TRINITY_DN143454_c0_g1_i1"	-4.38640264443423	6.04560113160882	0.0693175608605038	1
"TRINITY_DN143456_c0_g1_i1"	-4.38640264945991	6.04560113160882	0.0693177062371075	1
"TRINITY_DN133576_c0_g1_i1"	-4.38640301058093	6.04560113160882	0.069328154018724	1
"TRINITY_DN70041_c0_g1_i1"	-4.38640419148481	6.04560113160882	0.0693623429902918	1
"TRINITY_DN727_c0_g2_i1"	-4.38640427001631	6.04560113160882	0.0693646178812922	1
"TRINITY_DN1420_c0_g3_i1"	-4.38640443121723	6.04560113160882	0.0693692880316774	1
"TRINITY_DN29327_c0_g2_i1"	-4.38589513706697	6.04492111514738	0.0694081185314854	1
"TRINITY_DN2879_c0_g3_i1"	-4.38589413215028	6.04492111514738	0.0694400315200554	1
"TRINITY_DN71021_c0_g1_i1"	-4.38640693369314	6.04560113160882	0.0694418739219177	1
"TRINITY_DN30516_c0_g1_i1"	-4.38589364812451	6.04492111514738	0.0694554139024465	1
"TRINITY_DN77455_c0_g1_i1"	-4.38640766667357	6.04560113160882	0.0694631653661971	1
"TRINITY_DN7773_c0_g1_i1"	-4.38640783688619	6.04560113160882	0.0694681116675768	1
"TRINITY_DN25035_c0_g2_i3"	-4.38589296063695	6.04492111514738	0.0694772749030805	1
"TRINITY_DN24966_c0_g2_i1"	-4.38589295823757	6.04492111514738	0.0694773512254559	1
"TRINITY_DN12780_c1_g2_i1"	-4.38640847825913	6.04560113160882	0.0694867564676359	1
"TRINITY_DN2472_c0_g2_i2"	-4.38589262542761	6.04492111514738	0.0694879393822056	1
"TRINITY_DN12687_c0_g3_i1"	-4.38640959542533	6.04560113160882	0.0695192583041989	1
"TRINITY_DN124937_c0_g1_i1"	-4.3864103108473	6.04560113160882	0.0695400892957158	1
"TRINITY_DN78653_c0_g1_i1"	-4.38641053211755	6.04560113160882	0.0695465347496984	1
"TRINITY_DN12201_c0_g1_i1"	-4.38641119181608	6.04560113160882	0.0695657589360658	1
"TRINITY_DN8027_c0_g2_i3"	-4.38641134216102	6.04560113160882	0.0695701417134537	1
"TRINITY_DN2352_c0_g2_i1"	-4.38588999816092	6.04492111514738	0.0695716461589581	1
"TRINITY_DN23411_c0_g1_i1"	-4.38588984363785	6.04492111514738	0.0695765761273377	1
"TRINITY_DN81812_c0_g1_i1"	-4.38641192512514	6.04560113160882	0.0695871415841701	1
"TRINITY_DN23229_c0_g1_i4"	-4.38588949117473	6.04492111514738	0.0695878240649856	1
"TRINITY_DN82853_c0_g1_i1"	-4.38641203944475	6.04560113160882	0.0695904763143416	1
"TRINITY_DN23390_c0_g1_i1"	-4.38588932526031	6.04492111514738	0.0695931201405627	1
"TRINITY_DN2243_c3_g1_i1"	-4.38588914870343	6.04492111514738	0.0695987568794377	1
"TRINITY_DN121150_c0_g1_i1"	-4.38641232844907	6.04560113160882	0.0695989081682475	1
"TRINITY_DN2290_c2_g1_i1"	-4.38588880193808	6.04492111514738	0.0696098305319642	1
"TRINITY_DN2195_c0_g1_i1"	-4.38588860322248	6.04492111514738	0.0696161780482273	1
"TRINITY_DN8347_c0_g2_i1"	-4.38641292951874	6.04560113160882	0.0696164517163643	1
"TRINITY_DN85168_c0_g1_i1"	-4.3864130054346	6.04560113160882	0.0696186681634929	1
"TRINITY_DN117875_c0_g1_i1"	-4.3864133387703	6.04560113160882	0.0696284020584244	1
"TRINITY_DN22300_c0_g1_i1"	-4.38588810210921	6.04492111514738	0.0696321904867882	1
"TRINITY_DN2115_c0_g3_i1"	-4.38588794317422	6.04492111514738	0.0696372707040916	1
"TRINITY_DN8605_c0_g1_i1"	-4.38641386804732	6.04560113160882	0.0696438637299941	1
"TRINITY_DN20886_c0_g4_i1"	-4.38588739786093	6.04492111514738	0.0696547072138849	1
"TRINITY_DN2052_c2_g1_i1"	-4.38588732912748	6.04492111514738	0.0696569056456682	1
"TRINITY_DN11707_c0_g2_i2"	-4.3864150028913	6.04560113160882	0.0696770405577728	1
"TRINITY_DN20674_c0_g1_i2"	-4.38588653116053	6.04492111514738	0.0696824394364625	1
"TRINITY_DN19915_c0_g3_i1"	-4.38588607496245	6.04492111514738	0.0696970461440761	1
"TRINITY_DN20055_c0_g1_i2"	-4.38588591082455	6.04492111514738	0.0697023031753226	1
"TRINITY_DN19576_c0_g1_i1"	-4.38588589877622	6.04492111514738	0.0697026890947264	1
"TRINITY_DN103288_c0_g1_i1"	-4.38641623570314	6.04560113160882	0.0697131198885763	1
"TRINITY_DN91839_c0_g1_i1"	-4.38641714621859	6.04560113160882	0.0697397926677153	1
"TRINITY_DN114583_c0_g1_i1"	-4.38641720289986	6.04560113160882	0.0697414538212171	1
"TRINITY_DN19483_c0_g1_i2"	-4.38588433640924	6.04492111514738	0.069752772028225	1
"TRINITY_DN108594_c0_g1_i1"	-4.38641762647594	6.04560113160882	0.0697538702192053	1
"TRINITY_DN940_c0_g1_i2"	-4.3864176948534	6.04560113160882	0.0697558750302948	1
"TRINITY_DN110175_c0_g1_i1"	-4.38641770000317	6.04560113160882	0.0697560260251495	1
"TRINITY_DN91078_c0_g1_i1"	-4.38641775145151	6.04560113160882	0.0697575345670665	1
"TRINITY_DN9196_c2_g1_i1"	-4.38641782418501	6.04560113160882	0.0697596673404862	1
"TRINITY_DN93248_c0_g1_i1"	-4.38641787472643	6.04560113160882	0.0697611494552702	1
"TRINITY_DN9435_c0_g1_i2"	-4.38641803405782	6.04560113160882	0.06976582225119	1
"TRINITY_DN19159_c0_g1_i2"	-4.38588390449307	6.04492111514738	0.0697666310766488	1
"TRINITY_DN91363_c0_g1_i1"	-4.38641821405797	6.04560113160882	0.0697711020185757	1
"TRINITY_DN110769_c0_g1_i1"	-4.38641823833753	6.04560113160882	0.0697718142526363	1
"TRINITY_DN17290_c0_g1_i1"	-4.38588286794707	6.04492111514738	0.069799915214727	1
"TRINITY_DN16781_c0_g4_i1"	-4.38588278175171	6.04492111514738	0.06980268453569	1
"TRINITY_DN17985_c0_g1_i2"	-4.38588245719663	6.04492111514738	0.0698131140942339	1
"TRINITY_DN166989_c0_g1_i1"	-4.38588244053754	6.04492111514738	0.0698136495233646	1
"TRINITY_DN19203_c0_g1_i1"	-4.38588241886732	6.04492111514738	0.0698143460251777	1
"TRINITY_DN17514_c1_g1_i2"	-4.38588120449947	6.04492111514738	0.0698534008162665	1
"TRINITY_DN9865_c1_g2_i1"	-4.38642199680703	6.04560113160882	0.0698822562135892	1
"TRINITY_DN15998_c2_g1_i4"	-4.38587993011561	6.04492111514738	0.0698944361863055	1
"TRINITY_DN163490_c0_g1_i1"	-4.38587983080284	6.04492111514738	0.069897636245444	1
"TRINITY_DN16442_c1_g1_i1"	-4.38587981660006	6.04492111514738	0.0698980939137235	1
"TRINITY_DN15776_c0_g1_i1"	-4.38587798912282	6.04492111514738	0.0699570359120465	1
"TRINITY_DN157150_c0_g1_i1"	-4.38587708472023	6.04492111514738	0.06998624523916	1
"TRINITY_DN14865_c0_g3_i1"	-4.38587653597507	6.04492111514738	0.0700039807127266	1
"TRINITY_DN15378_c0_g1_i1"	-4.38587637922604	6.04492111514738	0.0700090486195396	1
"TRINITY_DN15372_c0_g1_i1"	-4.38587601759566	6.04492111514738	0.0700207436167778	1
"TRINITY_DN15138_c0_g2_i1"	-4.38587601141843	6.04492111514738	0.0700209434225519	1
"TRINITY_DN14674_c0_g1_i1"	-4.38587561975276	6.04492111514738	0.0700336145536154	1
"TRINITY_DN14703_c0_g1_i1"	-4.3858752815115	6.04492111514738	0.0700445612596062	1
"TRINITY_DN130637_c0_g1_i1"	-4.38587210634388	6.04492111514738	0.0701475002243488	1
"TRINITY_DN13344_c0_g1_i1"	-4.38587160532553	6.04492111514738	0.0701637728703392	1
"TRINITY_DN130107_c0_g1_i1"	-4.38587157685169	6.04492111514738	0.0701646979191603	1
"TRINITY_DN13392_c0_g2_i1"	-4.38587049754003	6.04492111514738	0.0701997815247062	1
"TRINITY_DN13377_c0_g1_i1"	-4.38586976320435	6.04492111514738	0.0702236729958746	1
"TRINITY_DN122522_c0_g1_i1"	-4.38586629121003	6.04492111514738	0.0703368699675289	1
"TRINITY_DN118531_c0_g1_i1"	-4.38586612421244	6.04492111514738	0.0703423244209125	1
"TRINITY_DN110840_c0_g1_i1"	-4.38586121091025	6.04492111514738	0.0705032084069253	1
"TRINITY_DN10723_c0_g2_i1"	-4.38586106199286	6.04492111514738	0.0705080969462589	1
"TRINITY_DN10754_c0_g1_i1"	-4.38586088516286	6.04492111514738	0.070513902720423	1
"TRINITY_DN102359_c0_g1_i1"	-4.38585853725996	6.04492111514738	0.0705910873910925	1
"TRINITY_DN10035_c0_g1_i1"	-4.38585496411971	6.04492111514738	0.0707088979457133	1
"TRINITY_DN21736_c0_g1_i1"	-2.17369736459549	6.66531511988058	0.0724195997987274	1
"TRINITY_DN5517_c1_g2_i1"	-1.62726860822647	6.98760865137678	0.0728149129584173	1
"TRINITY_DN7169_c0_g2_i1"	1.65354747148067	6.99019161299157	0.0741033995852884	1
"TRINITY_DN21987_c0_g2_i1"	2.7349065581616	6.4339106159819	0.0750568288085615	1
"TRINITY_DN6864_c0_g2_i1"	2.73302462241783	6.43452592050024	0.0750706150120759	1
"TRINITY_DN8695_c0_g1_i1"	2.73302365154009	6.43452592050024	0.0751126492079276	1
"TRINITY_DN12472_c0_g2_i2"	2.73302270075313	6.43452592050024	0.0751538234909383	1
"TRINITY_DN69999_c0_g1_i1"	-4.64193756051116	6.15335969917138	0.0752183562490591	1
"TRINITY_DN694_c0_g1_i1"	-4.64193901204963	6.15335969917138	0.0752506955713373	1
"TRINITY_DN6786_c2_g4_i1"	-4.64194109893192	6.15335969917138	0.0752972326089035	1
"TRINITY_DN2681_c0_g2_i1"	-4.64194160938873	6.15335969917138	0.075308623357801	1
"TRINITY_DN26064_c0_g2_i1"	-4.64194173644876	6.15335969917138	0.0753114591475933	1
"TRINITY_DN25235_c0_g1_i3"	-4.64194383471487	6.15335969917138	0.075358316354176	1
"TRINITY_DN62380_c0_g1_i1"	-4.64194492059539	6.15335969917138	0.0753825856220239	1
"TRINITY_DN3197_c0_g2_i2"	-4.64194500318909	6.15335969917138	0.0753844321388454	1
"TRINITY_DN415_c3_g1_i3"	-4.6419455566066	6.15335969917138	0.0753968067317165	1
"TRINITY_DN4873_c0_g1_i2"	-4.64194836321342	6.15335969917138	0.0754596181337799	1
"TRINITY_DN21595_c0_g1_i1"	-4.64194870119081	6.15335969917138	0.0754671881909835	1
"TRINITY_DN4607_c0_g2_i1"	-4.64194900130377	6.15335969917138	0.0754739112706163	1
"TRINITY_DN3977_c0_g2_i3"	-4.64194987884994	6.15335969917138	0.0754935759258219	1
"TRINITY_DN155823_c0_g1_i1"	-4.64198487635672	6.15335969917138	0.0762851955641093	1
"TRINITY_DN99865_c0_g1_i1"	4.39852510924497	6.04696146675522	0.0764515338187157	1
"TRINITY_DN9398_c0_g1_i1"	4.39852510924497	6.04696146675522	0.0765358180628365	1
"TRINITY_DN15117_c0_g1_i1"	-4.64199598132485	6.15335969917138	0.0765394223984324	1
"TRINITY_DN9141_c0_g1_i1"	4.39852510924497	6.04696146675522	0.0766017318108698	1
"TRINITY_DN8779_c1_g1_i5"	4.39852510924497	6.04696146675522	0.0767041367270343	1
"TRINITY_DN8663_c0_g2_i1"	4.39852510924497	6.04696146675522	0.0768036136461298	1
"TRINITY_DN9078_c0_g1_i1"	-4.64200903289003	6.15335969917138	0.0768401118326826	1
"TRINITY_DN8644_c0_g3_i1"	4.39852510924497	6.04696146675522	0.0768551268169784	1
"TRINITY_DN1202_c0_g1_i3"	-4.64201201367238	6.15335969917138	0.0769090745444317	1
"TRINITY_DN84980_c0_g1_i1"	4.39852510924497	6.04696146675522	0.0769119813664961	1
"TRINITY_DN8350_c0_g2_i2"	4.39852510924497	6.04696146675522	0.0769894140535853	1
"TRINITY_DN81651_c0_g1_i1"	4.39852510924497	6.04696146675522	0.0770250736699544	1
"TRINITY_DN81867_c0_g1_i1"	4.39852510924497	6.04696146675522	0.0770255111008975	1
"TRINITY_DN79791_c0_g1_i1"	4.39852510924497	6.04696146675522	0.0770830311323145	1
"TRINITY_DN105857_c0_g1_i1"	4.65011343019195	6.15402244420148	0.0770865863909931	1
"TRINITY_DN110258_c0_g1_i1"	-4.64202117558267	6.15335969917138	0.0771217210783956	1
"TRINITY_DN7883_c0_g1_i1"	4.39852510924497	6.04696146675522	0.0771229178885072	1
"TRINITY_DN5794_c0_g1_i1"	-2.71358243343634	6.43329536081904	0.0771563906047856	1
"TRINITY_DN76781_c0_g1_i1"	4.39852510924497	6.04696146675522	0.077165987811039	1
"TRINITY_DN74600_c0_g1_i1"	4.39852510924497	6.04696146675522	0.0773035083016958	1
"TRINITY_DN10086_c0_g1_i1"	-4.64203035027707	6.15335969917138	0.0773356958886978	1
"TRINITY_DN108301_c0_g1_i1"	4.65011343019195	6.15402244420148	0.0773359128766208	1
"TRINITY_DN7114_c0_g2_i1"	4.39852510924497	6.04696146675522	0.0774052879799828	1
"TRINITY_DN7035_c0_g2_i1"	4.39852510924497	6.04696146675522	0.0774807694892087	1
"TRINITY_DN66785_c0_g1_i2"	4.39852510924497	6.04696146675522	0.0775108768571844	1
"TRINITY_DN6774_c0_g1_i1"	4.39852510924497	6.04696146675522	0.0775583376280727	1
"TRINITY_DN11216_c0_g1_i1"	4.65011343019195	6.15402244420148	0.0776494308964406	1
"TRINITY_DN28070_c0_g2_i4"	-2.02724850732484	6.5922882436382	0.0776747304968616	1
"TRINITY_DN20381_c0_g1_i1"	-2.02724846098923	6.5922882436382	0.0776785397080737	1
"TRINITY_DN4246_c0_g1_i1"	-2.02724834503927	6.5922882436382	0.0776880732751181	1
"TRINITY_DN5885_c0_g1_i1"	-2.02724749441192	6.5922882436382	0.0777580750761997	1
"TRINITY_DN9555_c0_g2_i3"	-2.02724731978836	6.5922882436382	0.0777724591253888	1
"TRINITY_DN61775_c0_g1_i7"	4.39852510924497	6.04696146675522	0.0777762586991929	1
"TRINITY_DN7481_c0_g1_i1"	-2.02724725062756	6.5922882436382	0.0777781572967775	1
"TRINITY_DN6161_c0_g3_i2"	4.39852510924497	6.04696146675522	0.0777894992546724	1
"TRINITY_DN59895_c0_g1_i1"	4.39852510924497	6.04696146675522	0.0778840049806195	1
"TRINITY_DN79704_c0_g1_i1"	4.65011343019195	6.15402244420148	0.0779698081381812	1
"TRINITY_DN78009_c0_g1_i1"	4.65011343019195	6.15402244420148	0.0779998716240027	1
"TRINITY_DN71625_c0_g1_i1"	4.65011343019195	6.15402244420148	0.0780194369199017	1
"TRINITY_DN5802_c2_g1_i1"	4.39852510924497	6.04696146675522	0.0780197525071053	1
"TRINITY_DN5584_c0_g1_i1"	4.39852510924497	6.04696146675522	0.0781292697348683	1
"TRINITY_DN55570_c0_g1_i1"	4.39852510924497	6.04696146675522	0.0781697045669295	1
"TRINITY_DN67797_c0_g1_i1"	4.65011343019195	6.15402244420148	0.078191685394838	1
"TRINITY_DN6722_c0_g1_i2"	4.65011343019195	6.15402244420148	0.0782023047373655	1
"TRINITY_DN1162_c0_g1_i2"	4.65011343019195	6.15402244420148	0.0782627103546459	1
"TRINITY_DN9722_c0_g2_i2"	-1.5147585415568	6.92959670517174	0.0782637874188496	1
"TRINITY_DN550_c0_g2_i3"	-1.51472682088328	6.92906955862741	0.0782637874188496	1
"TRINITY_DN117422_c0_g1_i1"	4.65011343019195	6.15402244420148	0.0783280840504058	1
"TRINITY_DN5166_c0_g1_i1"	4.65011343019195	6.15402244420148	0.0784349405491546	1
"TRINITY_DN5185_c0_g2_i2"	4.39852510924497	6.04696146675522	0.0784588072108512	1
"TRINITY_DN14278_c0_g2_i2"	-2.02763700220971	6.5928753793178	0.0785481740907741	1
"TRINITY_DN4974_c0_g1_i1"	4.39852510924497	6.04696146675522	0.078583006812623	1
"TRINITY_DN5060_c1_g1_i1"	4.39852510924497	6.04696146675522	0.0785863816205051	1
"TRINITY_DN4930_c0_g1_i1"	4.39852510924497	6.04696146675522	0.078605525668666	1
"TRINITY_DN49301_c0_g1_i1"	4.39852510924497	6.04696146675522	0.0786199487005158	1
"TRINITY_DN34190_c0_g1_i1"	4.65011343019195	6.15402244420148	0.0787401810764291	1
"TRINITY_DN128268_c0_g1_i1"	4.65011343019195	6.15402244420148	0.0789083707911397	1
"TRINITY_DN32470_c0_g2_i1"	4.65011343019195	6.15402244420148	0.0789172178643233	1
"TRINITY_DN2985_c2_g1_i1"	4.65011343019195	6.15402244420148	0.079108185966614	1
"TRINITY_DN84960_c0_g1_i1"	-4.63326900389471	6.15070957263904	0.0791273894071347	1
"TRINITY_DN8370_c0_g2_i1"	-4.6332683080007	6.15070957263904	0.0791447236626372	1
"TRINITY_DN78937_c0_g1_i1"	-4.63326742094049	6.15070957263904	0.0791668292888381	1
"TRINITY_DN57660_c3_g1_i1"	-4.63326450740201	6.15070957263904	0.0792395103284483	1
"TRINITY_DN3675_c1_g2_i2"	2.05163147935031	6.59463697948126	0.0792531778341077	1
"TRINITY_DN56235_c0_g1_i1"	-4.63326346905405	6.15070957263904	0.0792654408916078	1
"TRINITY_DN5536_c0_g2_i1"	-4.6332623199508	6.15070957263904	0.0792941544898922	1
"TRINITY_DN27350_c0_g1_i1"	4.65011343019195	6.15402244420148	0.0792947825738266	1
"TRINITY_DN51227_c0_g1_i1"	-4.63326208294963	6.15070957263904	0.079300078878339	1
"TRINITY_DN4197_c0_g1_i1"	4.39852510924497	6.04696146675522	0.079310073374043	1
"TRINITY_DN50709_c0_g1_i1"	-4.63326140448934	6.15070957263904	0.0793170427948078	1
"TRINITY_DN4120_c0_g1_i1"	4.39852510924497	6.04696146675522	0.0793535866583522	1
"TRINITY_DN22602_c1_g1_i1"	2.05163144057548	6.59463697948126	0.079386285032437	1
"TRINITY_DN23433_c0_g2_i2"	-4.63325847565815	6.15070957263904	0.0793903462265098	1
"TRINITY_DN127381_c0_g1_i1"	-4.63325827088268	6.15070957263904	0.079395475784621	1
"TRINITY_DN2321_c0_g1_i1"	-4.63325732430257	6.15070957263904	0.0794191947722776	1
"TRINITY_DN15053_c0_g1_i4"	-4.63325722883782	6.15070957263904	0.0794215875677419	1
"TRINITY_DN127598_c0_g1_i1"	-4.63325688188649	6.15070957263904	0.0794302848523185	1
"TRINITY_DN22440_c0_g1_i1"	-4.63325672733527	6.15070957263904	0.0794341596328802	1
"TRINITY_DN40177_c0_g1_i1"	4.39852510924497	6.04696146675522	0.0794445783354094	1
"TRINITY_DN134_c0_g1_i2"	2.05163142243504	6.59463697948126	0.0794485959447881	1
"TRINITY_DN11716_c0_g1_i6"	-4.6332561493128	6.15070957263904	0.0794486542402896	1
"TRINITY_DN16663_c0_g1_i1"	4.65011343019195	6.15402244420148	0.0794598507419417	1
"TRINITY_DN113311_c0_g1_i1"	-4.63325500250152	6.15070957263904	0.079477425484949	1
"TRINITY_DN10664_c0_g1_i1"	-4.63325374880199	6.15070957263904	0.0795088990155251	1
"TRINITY_DN39716_c0_g2_i1"	4.39852510924497	6.04696146675522	0.079521542346347	1
"TRINITY_DN18815_c0_g1_i1"	-2.71367290085671	6.43329536081904	0.0795300131675001	1
"TRINITY_DN39690_c0_g1_i1"	4.39852510924497	6.04696146675522	0.0795310012384104	1
"TRINITY_DN20427_c0_g1_i1"	4.65011343019195	6.15402244420148	0.0795739217821873	1
"TRINITY_DN21402_c0_g1_i1"	4.65011343019195	6.15402244420148	0.0795765639527773	1
"TRINITY_DN17529_c0_g1_i1"	4.65011343019195	6.15402244420148	0.0795849425681049	1
"TRINITY_DN3690_c0_g1_i6"	4.39852510924497	6.04696146675522	0.0796989460072755	1
"TRINITY_DN33975_c0_g1_i1"	4.39852510924497	6.04696146675522	0.0799116687119241	1
"TRINITY_DN1461_c0_g1_i2"	-2.71368987183757	6.43329536081904	0.0799888423843519	1
"TRINITY_DN30562_c0_g1_i5"	4.39852510924497	6.04696146675522	0.0800453557521982	1
"TRINITY_DN3039_c2_g1_i1"	4.39852510924497	6.04696146675522	0.0800592878804649	1
"TRINITY_DN3139_c0_g1_i1"	4.39852510924497	6.04696146675522	0.0800785231832552	1
"TRINITY_DN29601_c0_g2_i1"	4.39852510924497	6.04696146675522	0.0801079408199222	1
"TRINITY_DN1376_c0_g2_i4"	1.4536284653936	7.10095191220168	0.0801858036014911	1
"TRINITY_DN2870_c0_g1_i2"	4.39852510924497	6.04696146675522	0.0802615523276571	1
"TRINITY_DN26901_c0_g1_i1"	4.39852510924497	6.04696146675522	0.0806308063227583	1
"TRINITY_DN2575_c1_g1_i1"	4.39852510924497	6.04696146675522	0.080689700847617	1
"TRINITY_DN2595_c2_g1_i1"	4.39852510924497	6.04696146675522	0.0807222202539652	1
"TRINITY_DN2530_c2_g1_i1"	4.39852510924497	6.04696146675522	0.080731036271329	1
"TRINITY_DN24409_c0_g2_i1"	4.39852510924497	6.04696146675522	0.0809299222835225	1
"TRINITY_DN24253_c0_g1_i1"	4.39852510924497	6.04696146675522	0.0809918132784177	1
"TRINITY_DN23865_c0_g1_i1"	4.39852510924497	6.04696146675522	0.0811129827500946	1
"TRINITY_DN23283_c0_g1_i2"	4.39852510924497	6.04696146675522	0.0812151179037957	1
"TRINITY_DN2292_c0_g5_i1"	4.39852510924497	6.04696146675522	0.0812763449027873	1
"TRINITY_DN22216_c0_g2_i1"	4.39852510924497	6.04696146675522	0.0813847422503168	1
"TRINITY_DN2204_c0_g2_i1"	4.39852510924497	6.04696146675522	0.0814632446181341	1
"TRINITY_DN20807_c0_g1_i3"	4.39852510924497	6.04696146675522	0.0814633543980405	1
"TRINITY_DN21400_c0_g1_i1"	4.39852510924497	6.04696146675522	0.0814898841589637	1
"TRINITY_DN2087_c0_g1_i1"	4.39852510924497	6.04696146675522	0.0814954238490241	1
"TRINITY_DN2096_c0_g1_i2"	4.39852510924497	6.04696146675522	0.0815065882899999	1
"TRINITY_DN20913_c1_g1_i1"	4.39852510924497	6.04696146675522	0.081513737712161	1
"TRINITY_DN21711_c0_g1_i1"	4.39852510924497	6.04696146675522	0.0815172395197338	1
"TRINITY_DN20316_c1_g1_i1"	4.39852510924497	6.04696146675522	0.0815269278803667	1
"TRINITY_DN21565_c0_g1_i1"	4.39852510924497	6.04696146675522	0.0815355964122072	1
"TRINITY_DN21145_c0_g1_i2"	4.39852510924497	6.04696146675522	0.0815989574151561	1
"TRINITY_DN1883_c0_g2_i1"	4.39852510924497	6.04696146675522	0.0817235723286364	1
"TRINITY_DN18644_c0_g2_i2"	4.39852510924497	6.04696146675522	0.0817300443038215	1
"TRINITY_DN18577_c2_g1_i1"	4.39852510924497	6.04696146675522	0.0817505725482315	1
"TRINITY_DN176824_c0_g1_i1"	4.39852510924497	6.04696146675522	0.0818214600468256	1
"TRINITY_DN17588_c0_g2_i1"	4.39852510924497	6.04696146675522	0.0818270413355892	1
"TRINITY_DN17135_c0_g4_i1"	4.39852510924497	6.04696146675522	0.0818500493664578	1
"TRINITY_DN167293_c0_g1_i1"	4.39852510924497	6.04696146675522	0.0819326718891617	1
"TRINITY_DN4846_c0_g2_i1"	2.19814319205691	6.66933383771758	0.0819633246064797	1
"TRINITY_DN16541_c0_g1_i6"	4.39852510924497	6.04696146675522	0.0820779588318797	1
"TRINITY_DN1650_c3_g1_i1"	4.39852510924497	6.04696146675522	0.0820969682718622	1
"TRINITY_DN164119_c0_g1_i1"	4.39852510924497	6.04696146675522	0.082106301664681	1
"TRINITY_DN1644_c0_g2_i1"	4.39852510924497	6.04696146675522	0.082108089196264	1
"TRINITY_DN160541_c0_g1_i1"	4.39852510924497	6.04696146675522	0.082261591644981	1
"TRINITY_DN155799_c0_g1_i1"	4.39852510924497	6.04696146675522	0.0824179187474558	1
"TRINITY_DN14688_c0_g1_i1"	4.39852510924497	6.04696146675522	0.0826298246702604	1
"TRINITY_DN15311_c0_g1_i1"	4.39852510924497	6.04696146675522	0.0826502601147687	1
"TRINITY_DN14524_c0_g1_i1"	4.39852510924497	6.04696146675522	0.0826570778002732	1
"TRINITY_DN15059_c1_g1_i2"	4.39852510924497	6.04696146675522	0.0826767915497624	1
"TRINITY_DN142_c0_g1_i1"	4.39852510924497	6.04696146675522	0.0827182037682287	1
"TRINITY_DN151903_c0_g1_i1"	4.39852510924497	6.04696146675522	0.0827259310138613	1
"TRINITY_DN9100_c0_g2_i1"	-2.70822884359385	6.4308348357211	0.0827610237093686	1
"TRINITY_DN133350_c0_g1_i1"	4.39852510924497	6.04696146675522	0.0828017943235766	1
"TRINITY_DN3889_c0_g2_i1"	-2.70822704467558	6.4308348357211	0.0828145908615618	1
"TRINITY_DN4264_c1_g1_i2"	-2.70822692147821	6.4308348357211	0.0828182614598725	1
"TRINITY_DN2821_c0_g1_i7"	-2.70822611955405	6.4308348357211	0.0828421609292417	1
"TRINITY_DN138673_c0_g1_i1"	4.39852510924497	6.04696146675522	0.0828581502463037	1
"TRINITY_DN13075_c0_g1_i1"	4.39852510924497	6.04696146675522	0.0828883297051831	1
"TRINITY_DN15828_c0_g1_i1"	-2.70822352470838	6.4308348357211	0.0829195724421128	1
"TRINITY_DN11485_c0_g1_i1"	-2.70822093001743	6.4308348357211	0.082997099030308	1
"TRINITY_DN1277_c0_g2_i1"	4.39852510924497	6.04696146675522	0.0830027406070913	1
"TRINITY_DN12846_c0_g4_i1"	4.39852510924497	6.04696146675522	0.0830162389434432	1
"TRINITY_DN10084_c0_g2_i1"	-2.70821968796999	6.4308348357211	0.083034252511341	1
"TRINITY_DN12708_c0_g2_i1"	4.39852510924497	6.04696146675522	0.0830391962582916	1
"TRINITY_DN126729_c0_g1_i1"	4.39852510924497	6.04696146675522	0.0830745268195123	1
"TRINITY_DN12546_c0_g1_i1"	4.39852510924497	6.04696146675522	0.0830914083162963	1
"TRINITY_DN124046_c0_g1_i1"	4.39852510924497	6.04696146675522	0.0831013698244279	1
"TRINITY_DN11949_c0_g2_i1"	4.39852510924497	6.04696146675522	0.0831392948466893	1
"TRINITY_DN11746_c0_g1_i5"	4.39852510924497	6.04696146675522	0.083207740042646	1
"TRINITY_DN11741_c0_g1_i2"	4.39852510924497	6.04696146675522	0.0832146284009681	1
"TRINITY_DN11569_c1_g2_i1"	4.39852510924497	6.04696146675522	0.0832590914640255	1
"TRINITY_DN1164_c0_g1_i2"	4.39852510924497	6.04696146675522	0.0832689492607103	1
"TRINITY_DN11459_c0_g5_i1"	4.39852510924497	6.04696146675522	0.0832869356212829	1
"TRINITY_DN113449_c0_g1_i1"	4.39852510924497	6.04696146675522	0.0833252268854694	1
"TRINITY_DN2453_c0_g2_i1"	2.20137524883112	6.66818550789079	0.0834709340660878	1
"TRINITY_DN110897_c0_g1_i1"	4.39852510924497	6.04696146675522	0.0835217509212027	1
"TRINITY_DN103931_c0_g1_i1"	4.39852510924497	6.04696146675522	0.0836540731798147	1
"TRINITY_DN105838_c0_g1_i1"	4.39852510924497	6.04696146675522	0.0837400406691371	1
"TRINITY_DN10571_c1_g1_i2"	4.39852510924497	6.04696146675522	0.0837607252676791	1
"TRINITY_DN10850_c0_g1_i1"	4.39852510924497	6.04696146675522	0.0837703695561649	1
"TRINITY_DN12637_c0_g1_i1"	2.20138733598382	6.66818550789079	0.0838753605530331	1
"TRINITY_DN21950_c0_g1_i1"	-2.17781698999031	6.66761138022119	0.0868370653433978	1
"TRINITY_DN11520_c0_g1_i1"	-2.17782723277985	6.66761138022119	0.0872390381461714	1
"TRINITY_DN157789_c0_g1_i1"	-2.52424405238072	6.34441664292184	0.0888431872878281	1
"TRINITY_DN24264_c0_g1_i2"	-2.5242436801243	6.34441664292184	0.0888693520065604	1
"TRINITY_DN17594_c0_g1_i1"	-2.52424358313385	6.34441664292184	0.0888761715226631	1
"TRINITY_DN16382_c0_g1_i1"	-2.52424342383726	6.34441664292184	0.088887373980578	1
"TRINITY_DN21958_c0_g2_i2"	-2.524243344154	6.34441664292184	0.0888929786590173	1
"TRINITY_DN25490_c0_g1_i1"	-2.52424198383351	6.34441664292184	0.0889887614750884	1
"TRINITY_DN119868_c0_g1_i1"	-2.52424177413347	6.34441664292184	0.089003544026394	1
"TRINITY_DN27450_c0_g1_i1"	-2.5242417041243	6.34441664292184	0.0890084802606126	1
"TRINITY_DN28060_c0_g2_i4"	-2.52424150118399	6.34441664292184	0.0890227921473288	1
"TRINITY_DN11998_c0_g2_i1"	-2.52424133342661	6.34441664292184	0.0890346260892381	1
"TRINITY_DN28332_c0_g1_i1"	-2.52424126187861	6.34441664292184	0.0890396741223484	1
"TRINITY_DN305_c0_g1_i1"	-2.52424100561422	6.34441664292184	0.0890577591188801	1
"TRINITY_DN107992_c0_g1_i1"	-2.52423967535825	6.34441664292184	0.0891517478690861	1
"TRINITY_DN14955_c0_g1_i6"	1.80248412388827	6.80704142571204	0.089553606103575	1
"TRINITY_DN9749_c0_g1_i1"	-2.5242330075033	6.34441664292184	0.089625668818133	1
"TRINITY_DN34702_c0_g1_i1"	-2.52423168935871	6.34441664292184	0.0897199140448314	1
"TRINITY_DN34896_c0_g1_i1"	-2.52423099623093	6.34441664292184	0.0897695458439102	1
"TRINITY_DN8426_c0_g2_i1"	-2.52423006373018	6.34441664292184	0.0898363990069014	1
"TRINITY_DN4362_c0_g2_i3"	-2.5242273915989	6.34441664292184	0.0900284861256735	1
"TRINITY_DN137926_c0_g1_i1"	-2.52496996677647	6.34504681170804	0.0903719550317438	1
"TRINITY_DN12887_c0_g2_i2"	-2.52497153025983	6.34504681170804	0.0904720504795877	1
"TRINITY_DN12219_c0_g1_i3"	-2.52497190219617	6.34504681170804	0.0904958926049762	1
"TRINITY_DN10656_c0_g1_i1"	-2.52497214653027	6.34504681170804	0.0905115614633838	1
"TRINITY_DN1522_c1_g1_i5"	-2.52497338807925	6.34504681170804	0.0905912588078937	1
"TRINITY_DN14451_c0_g1_i1"	-2.52497418200026	6.34504681170804	0.0906422907375262	1
"TRINITY_DN156574_c0_g1_i1"	-2.52497473036506	6.34504681170804	0.0906775700436852	1
"TRINITY_DN156045_c0_g1_i1"	-2.52497529359649	6.34504681170804	0.090713832476528	1
"TRINITY_DN4062_c0_g1_i1"	-2.52497830880407	6.34504681170804	0.0909084209492193	1
"TRINITY_DN3141_c0_g1_i1"	-2.52498015669712	6.34504681170804	0.0910280611331317	1
"TRINITY_DN176697_c0_g1_i1"	-2.52498689359178	6.34504681170804	0.0914667320019969	1
"TRINITY_DN18023_c0_g1_i1"	-2.52498725339565	6.34504681170804	0.0914902713646009	1
"TRINITY_DN63399_c0_g1_i1"	-2.52498863781224	6.34504681170804	0.0915809490977399	1
"TRINITY_DN5828_c0_g1_i2"	-2.52498905712886	6.34504681170804	0.0916084469158989	1
"TRINITY_DN151477_c0_g1_i1"	2.54801176372035	6.34630732927887	0.0917757575558051	1
"TRINITY_DN1657_c0_g2_i2"	2.54801315942645	6.34630732927887	0.0918416194732196	1
"TRINITY_DN80614_c0_g1_i1"	-2.5249931694818	6.34504681170804	0.0918789429064557	1
"TRINITY_DN18108_c0_g1_i2"	2.54801418522139	6.34630732927887	0.0918900369990706	1
"TRINITY_DN19038_c1_g1_i1"	2.54801484068961	6.34630732927887	0.0919209801286072	1
"TRINITY_DN20634_c0_g1_i1"	2.54801630256512	6.34630732927887	0.0919900059835852	1
"TRINITY_DN821_c0_g1_i7"	-2.52499497320266	6.34504681170804	0.0919980551449527	1
"TRINITY_DN5356_c0_g2_i1"	2.54802487782604	6.34630732927887	0.092395299120267	1
"TRINITY_DN6906_c0_g1_i1"	2.54802853330051	6.34630732927887	0.0925682716329809	1
"TRINITY_DN833_c0_g1_i5"	2.54803061973349	6.34630732927887	0.0926670535532539	1
"TRINITY_DN8416_c1_g1_i1"	2.54803081207171	6.34630732927887	0.092676161776951	1
"TRINITY_DN9609_c0_g1_i1"	2.54803178740056	6.34630732927887	0.0927223538907681	1
"TRINITY_DN89_c0_g2_i2"	2.54803179089321	6.34630732927887	0.0927225193201227	1
"TRINITY_DN1030_c1_g1_i1"	2.54702542187203	6.34693767785712	0.0928102571962143	1
"TRINITY_DN142923_c0_g1_i1"	2.54702183322242	6.34693767785712	0.0929772258104459	1
"TRINITY_DN9305_c0_g1_i1"	2.54702025080855	6.34693767785712	0.093050886198095	1
"TRINITY_DN1977_c0_g1_i2"	2.54701763558706	6.34693767785712	0.093172670923186	1
"TRINITY_DN27077_c0_g1_i2"	2.5470157399604	6.34693767785712	0.0932609830115391	1
"TRINITY_DN52672_c0_g1_i2"	-2.02708652292661	6.5922882436382	0.0932775450631704	1
"TRINITY_DN14485_c0_g2_i1"	1.66947459425396	6.73870412387347	0.0935873383332339	1
"TRINITY_DN13425_c0_g3_i1"	1.66944251966579	6.73926576436653	0.0935873383332339	1
"TRINITY_DN122910_c0_g1_i1"	-2.02782446226732	6.5928753793178	0.0941811128000418	1
"TRINITY_DN4238_c1_g1_i4"	-2.02782731184593	6.5928753793178	0.0944592925632443	1
"TRINITY_DN4284_c0_g1_i1"	2.05257441854687	6.59404974733132	0.0946251327385138	1
"TRINITY_DN1058_c0_g2_i5"	1.54013115980405	6.93117816670163	0.0961652699506064	1
"TRINITY_DN4676_c0_g2_i1"	-2.02627738251252	6.59170114029929	0.0962180415385492	1
"TRINITY_DN4192_c0_g2_i3"	-2.02627712856774	6.59170114029929	0.0962275394365886	1
"TRINITY_DN9379_c0_g3_i2"	-1.64477026626968	6.73701931363154	0.0965300196026643	1
"TRINITY_DN4359_c0_g1_i4"	-1.64477053552778	6.73701931363154	0.0967933447241275	1
"TRINITY_DN4210_c0_g2_i4"	-1.64477056844461	6.73701931363154	0.0968256227482505	1
"TRINITY_DN17057_c0_g1_i2"	-1.64477076330985	6.73701931363154	0.0970170938058304	1
"TRINITY_DN1617_c1_g1_i5"	-1.51516109516902	6.93012385541242	0.0979253277187332	1
"TRINITY_DN10782_c0_g2_i8"	-1.32301597819849	7.04486441024552	0.0981007972312661	1
"TRINITY_DN9510_c0_g1_i2"	2.0516262578693	6.59463697948126	0.0981726936223281	1
"TRINITY_DN8568_c0_g1_i5"	2.05162625523683	6.59463697948126	0.0981827377603945	1
"TRINITY_DN3661_c0_g3_i1"	2.05162623747732	6.59463697948126	0.0982505122128048	1
"TRINITY_DN20491_c0_g1_i1"	2.0516262089742	6.59463697948126	0.0983593353399017	1
"TRINITY_DN101028_c0_g1_i1"	-2.02869651186731	6.59346254724615	0.0986581874096524	1
"TRINITY_DN60062_c0_g1_i1"	1.72445646101532	7.25516779732336	0.0988970276476536	1
"TRINITY_DN3118_c0_g1_i8"	-2.02870311216405	6.59346254724615	0.098902741426793	1
